,iso_code,continent,location,date,total_cases,new_cases,new_cases_smoothed,total_deaths,new_deaths,new_deaths_smoothed,total_cases_per_million,new_cases_per_million,new_cases_smoothed_per_million,total_deaths_per_million,new_deaths_per_million,new_deaths_smoothed_per_million,new_tests,total_tests,total_tests_per_thousand,new_tests_per_thousand,new_tests_smoothed,new_tests_smoothed_per_thousand,tests_per_case,positive_rate,tests_units,stringency_index,population,population_density,median_age,aged_65_older,aged_70_older,gdp_per_capita,extreme_poverty,cardiovasc_death_rate,diabetes_prevalence,female_smokers,male_smokers,handwashing_facilities,hospital_beds_per_thousand,life_expectancy,human_development_index
2244,AUS,Oceania,Australia,2019-12-31,0.0,0.0,0.0,0.0,0.0,0.0,0.0,0.0,0.0,0.0,0.0,0.0,0.0,0.0,0.0,0.0,0.0,0.0,0.0,0.0,0,0.0,25499881.0,3.202,37.9,15.504000000000001,10.129,44648.71,0.5,107.791,5.07,13.0,16.5,0.0,3.84,83.44,0.9390000000000001
2245,AUS,Oceania,Australia,2020-01-01,0.0,0.0,0.0,0.0,0.0,0.0,0.0,0.0,0.0,0.0,0.0,0.0,0.0,0.0,0.0,0.0,0.0,0.0,0.0,0.0,0,0.0,25499881.0,3.202,37.9,15.504000000000001,10.129,44648.71,0.5,107.791,5.07,13.0,16.5,0.0,3.84,83.44,0.9390000000000001
2246,AUS,Oceania,Australia,2020-01-02,0.0,0.0,0.0,0.0,0.0,0.0,0.0,0.0,0.0,0.0,0.0,0.0,0.0,0.0,0.0,0.0,0.0,0.0,0.0,0.0,0,0.0,25499881.0,3.202,37.9,15.504000000000001,10.129,44648.71,0.5,107.791,5.07,13.0,16.5,0.0,3.84,83.44,0.9390000000000001
2247,AUS,Oceania,Australia,2020-01-03,0.0,0.0,0.0,0.0,0.0,0.0,0.0,0.0,0.0,0.0,0.0,0.0,0.0,0.0,0.0,0.0,0.0,0.0,0.0,0.0,0,0.0,25499881.0,3.202,37.9,15.504000000000001,10.129,44648.71,0.5,107.791,5.07,13.0,16.5,0.0,3.84,83.44,0.9390000000000001
2248,AUS,Oceania,Australia,2020-01-04,0.0,0.0,0.0,0.0,0.0,0.0,0.0,0.0,0.0,0.0,0.0,0.0,0.0,0.0,0.0,0.0,0.0,0.0,0.0,0.0,0,0.0,25499881.0,3.202,37.9,15.504000000000001,10.129,44648.71,0.5,107.791,5.07,13.0,16.5,0.0,3.84,83.44,0.9390000000000001
2249,AUS,Oceania,Australia,2020-01-05,0.0,0.0,0.0,0.0,0.0,0.0,0.0,0.0,0.0,0.0,0.0,0.0,0.0,0.0,0.0,0.0,0.0,0.0,0.0,0.0,0,0.0,25499881.0,3.202,37.9,15.504000000000001,10.129,44648.71,0.5,107.791,5.07,13.0,16.5,0.0,3.84,83.44,0.9390000000000001
2250,AUS,Oceania,Australia,2020-01-06,0.0,0.0,0.0,0.0,0.0,0.0,0.0,0.0,0.0,0.0,0.0,0.0,0.0,0.0,0.0,0.0,0.0,0.0,0.0,0.0,0,0.0,25499881.0,3.202,37.9,15.504000000000001,10.129,44648.71,0.5,107.791,5.07,13.0,16.5,0.0,3.84,83.44,0.9390000000000001
2251,AUS,Oceania,Australia,2020-01-07,0.0,0.0,0.0,0.0,0.0,0.0,0.0,0.0,0.0,0.0,0.0,0.0,0.0,0.0,0.0,0.0,0.0,0.0,0.0,0.0,0,0.0,25499881.0,3.202,37.9,15.504000000000001,10.129,44648.71,0.5,107.791,5.07,13.0,16.5,0.0,3.84,83.44,0.9390000000000001
2252,AUS,Oceania,Australia,2020-01-08,0.0,0.0,0.0,0.0,0.0,0.0,0.0,0.0,0.0,0.0,0.0,0.0,0.0,0.0,0.0,0.0,0.0,0.0,0.0,0.0,0,0.0,25499881.0,3.202,37.9,15.504000000000001,10.129,44648.71,0.5,107.791,5.07,13.0,16.5,0.0,3.84,83.44,0.9390000000000001
2253,AUS,Oceania,Australia,2020-01-09,0.0,0.0,0.0,0.0,0.0,0.0,0.0,0.0,0.0,0.0,0.0,0.0,0.0,0.0,0.0,0.0,0.0,0.0,0.0,0.0,0,0.0,25499881.0,3.202,37.9,15.504000000000001,10.129,44648.71,0.5,107.791,5.07,13.0,16.5,0.0,3.84,83.44,0.9390000000000001
2254,AUS,Oceania,Australia,2020-01-10,0.0,0.0,0.0,0.0,0.0,0.0,0.0,0.0,0.0,0.0,0.0,0.0,0.0,0.0,0.0,0.0,0.0,0.0,0.0,0.0,0,0.0,25499881.0,3.202,37.9,15.504000000000001,10.129,44648.71,0.5,107.791,5.07,13.0,16.5,0.0,3.84,83.44,0.9390000000000001
2255,AUS,Oceania,Australia,2020-01-11,0.0,0.0,0.0,0.0,0.0,0.0,0.0,0.0,0.0,0.0,0.0,0.0,0.0,0.0,0.0,0.0,0.0,0.0,0.0,0.0,0,0.0,25499881.0,3.202,37.9,15.504000000000001,10.129,44648.71,0.5,107.791,5.07,13.0,16.5,0.0,3.84,83.44,0.9390000000000001
2256,AUS,Oceania,Australia,2020-01-12,0.0,0.0,0.0,0.0,0.0,0.0,0.0,0.0,0.0,0.0,0.0,0.0,0.0,0.0,0.0,0.0,0.0,0.0,0.0,0.0,0,0.0,25499881.0,3.202,37.9,15.504000000000001,10.129,44648.71,0.5,107.791,5.07,13.0,16.5,0.0,3.84,83.44,0.9390000000000001
2257,AUS,Oceania,Australia,2020-01-13,0.0,0.0,0.0,0.0,0.0,0.0,0.0,0.0,0.0,0.0,0.0,0.0,0.0,0.0,0.0,0.0,0.0,0.0,0.0,0.0,0,0.0,25499881.0,3.202,37.9,15.504000000000001,10.129,44648.71,0.5,107.791,5.07,13.0,16.5,0.0,3.84,83.44,0.9390000000000001
2258,AUS,Oceania,Australia,2020-01-14,0.0,0.0,0.0,0.0,0.0,0.0,0.0,0.0,0.0,0.0,0.0,0.0,0.0,0.0,0.0,0.0,0.0,0.0,0.0,0.0,0,0.0,25499881.0,3.202,37.9,15.504000000000001,10.129,44648.71,0.5,107.791,5.07,13.0,16.5,0.0,3.84,83.44,0.9390000000000001
2259,AUS,Oceania,Australia,2020-01-15,0.0,0.0,0.0,0.0,0.0,0.0,0.0,0.0,0.0,0.0,0.0,0.0,0.0,0.0,0.0,0.0,0.0,0.0,0.0,0.0,0,0.0,25499881.0,3.202,37.9,15.504000000000001,10.129,44648.71,0.5,107.791,5.07,13.0,16.5,0.0,3.84,83.44,0.9390000000000001
2260,AUS,Oceania,Australia,2020-01-16,0.0,0.0,0.0,0.0,0.0,0.0,0.0,0.0,0.0,0.0,0.0,0.0,0.0,0.0,0.0,0.0,0.0,0.0,0.0,0.0,0,0.0,25499881.0,3.202,37.9,15.504000000000001,10.129,44648.71,0.5,107.791,5.07,13.0,16.5,0.0,3.84,83.44,0.9390000000000001
2261,AUS,Oceania,Australia,2020-01-17,0.0,0.0,0.0,0.0,0.0,0.0,0.0,0.0,0.0,0.0,0.0,0.0,0.0,0.0,0.0,0.0,0.0,0.0,0.0,0.0,0,0.0,25499881.0,3.202,37.9,15.504000000000001,10.129,44648.71,0.5,107.791,5.07,13.0,16.5,0.0,3.84,83.44,0.9390000000000001
2262,AUS,Oceania,Australia,2020-01-18,0.0,0.0,0.0,0.0,0.0,0.0,0.0,0.0,0.0,0.0,0.0,0.0,0.0,0.0,0.0,0.0,0.0,0.0,0.0,0.0,0,0.0,25499881.0,3.202,37.9,15.504000000000001,10.129,44648.71,0.5,107.791,5.07,13.0,16.5,0.0,3.84,83.44,0.9390000000000001
2263,AUS,Oceania,Australia,2020-01-19,0.0,0.0,0.0,0.0,0.0,0.0,0.0,0.0,0.0,0.0,0.0,0.0,0.0,0.0,0.0,0.0,0.0,0.0,0.0,0.0,0,0.0,25499881.0,3.202,37.9,15.504000000000001,10.129,44648.71,0.5,107.791,5.07,13.0,16.5,0.0,3.84,83.44,0.9390000000000001
2264,AUS,Oceania,Australia,2020-01-20,0.0,0.0,0.0,0.0,0.0,0.0,0.0,0.0,0.0,0.0,0.0,0.0,0.0,0.0,0.0,0.0,0.0,0.0,0.0,0.0,0,0.0,25499881.0,3.202,37.9,15.504000000000001,10.129,44648.71,0.5,107.791,5.07,13.0,16.5,0.0,3.84,83.44,0.9390000000000001
2265,AUS,Oceania,Australia,2020-01-21,0.0,0.0,0.0,0.0,0.0,0.0,0.0,0.0,0.0,0.0,0.0,0.0,0.0,0.0,0.0,0.0,0.0,0.0,0.0,0.0,0,0.0,25499881.0,3.202,37.9,15.504000000000001,10.129,44648.71,0.5,107.791,5.07,13.0,16.5,0.0,3.84,83.44,0.9390000000000001
2266,AUS,Oceania,Australia,2020-01-22,0.0,0.0,0.0,0.0,0.0,0.0,0.0,0.0,0.0,0.0,0.0,0.0,0.0,0.0,0.0,0.0,0.0,0.0,0.0,0.0,0,0.0,25499881.0,3.202,37.9,15.504000000000001,10.129,44648.71,0.5,107.791,5.07,13.0,16.5,0.0,3.84,83.44,0.9390000000000001
2267,AUS,Oceania,Australia,2020-01-23,0.0,0.0,0.0,0.0,0.0,0.0,0.0,0.0,0.0,0.0,0.0,0.0,0.0,0.0,0.0,0.0,0.0,0.0,0.0,0.0,0,0.0,25499881.0,3.202,37.9,15.504000000000001,10.129,44648.71,0.5,107.791,5.07,13.0,16.5,0.0,3.84,83.44,0.9390000000000001
2268,AUS,Oceania,Australia,2020-01-24,0.0,0.0,0.0,0.0,0.0,0.0,0.0,0.0,0.0,0.0,0.0,0.0,0.0,0.0,0.0,0.0,0.0,0.0,0.0,0.0,0,0.0,25499881.0,3.202,37.9,15.504000000000001,10.129,44648.71,0.5,107.791,5.07,13.0,16.5,0.0,3.84,83.44,0.9390000000000001
2269,AUS,Oceania,Australia,2020-01-25,1.0,1.0,0.14300000000000002,0.0,0.0,0.0,0.039,0.039,0.006,0.0,0.0,0.0,0.0,0.0,0.0,0.0,0.0,0.0,0.0,0.0,0,11.11,25499881.0,3.202,37.9,15.504000000000001,10.129,44648.71,0.5,107.791,5.07,13.0,16.5,0.0,3.84,83.44,0.9390000000000001
2270,AUS,Oceania,Australia,2020-01-26,4.0,3.0,0.5710000000000001,0.0,0.0,0.0,0.157,0.11800000000000001,0.022000000000000002,0.0,0.0,0.0,0.0,0.0,0.0,0.0,0.0,0.0,0.0,0.0,0,11.11,25499881.0,3.202,37.9,15.504000000000001,10.129,44648.71,0.5,107.791,5.07,13.0,16.5,0.0,3.84,83.44,0.9390000000000001
2271,AUS,Oceania,Australia,2020-01-27,4.0,0.0,0.5710000000000001,0.0,0.0,0.0,0.157,0.0,0.022000000000000002,0.0,0.0,0.0,0.0,0.0,0.0,0.0,0.0,0.0,0.0,0.0,0,11.11,25499881.0,3.202,37.9,15.504000000000001,10.129,44648.71,0.5,107.791,5.07,13.0,16.5,0.0,3.84,83.44,0.9390000000000001
2272,AUS,Oceania,Australia,2020-01-28,4.0,0.0,0.5710000000000001,0.0,0.0,0.0,0.157,0.0,0.022000000000000002,0.0,0.0,0.0,0.0,0.0,0.0,0.0,0.0,0.0,0.0,0.0,0,11.11,25499881.0,3.202,37.9,15.504000000000001,10.129,44648.71,0.5,107.791,5.07,13.0,16.5,0.0,3.84,83.44,0.9390000000000001
2273,AUS,Oceania,Australia,2020-01-29,4.0,0.0,0.5710000000000001,0.0,0.0,0.0,0.157,0.0,0.022000000000000002,0.0,0.0,0.0,0.0,0.0,0.0,0.0,0.0,0.0,0.0,0.0,0,11.11,25499881.0,3.202,37.9,15.504000000000001,10.129,44648.71,0.5,107.791,5.07,13.0,16.5,0.0,3.84,83.44,0.9390000000000001
2274,AUS,Oceania,Australia,2020-01-30,6.0,2.0,0.857,0.0,0.0,0.0,0.235,0.078,0.034,0.0,0.0,0.0,0.0,0.0,0.0,0.0,0.0,0.0,0.0,0.0,0,11.11,25499881.0,3.202,37.9,15.504000000000001,10.129,44648.71,0.5,107.791,5.07,13.0,16.5,0.0,3.84,83.44,0.9390000000000001
2275,AUS,Oceania,Australia,2020-01-31,7.0,1.0,1.0,0.0,0.0,0.0,0.275,0.039,0.039,0.0,0.0,0.0,0.0,0.0,0.0,0.0,0.0,0.0,0.0,0.0,0,11.11,25499881.0,3.202,37.9,15.504000000000001,10.129,44648.71,0.5,107.791,5.07,13.0,16.5,0.0,3.84,83.44,0.9390000000000001
2276,AUS,Oceania,Australia,2020-02-01,9.0,2.0,1.143,0.0,0.0,0.0,0.353,0.078,0.045,0.0,0.0,0.0,0.0,0.0,0.0,0.0,0.0,0.0,0.0,0.0,0,19.44,25499881.0,3.202,37.9,15.504000000000001,10.129,44648.71,0.5,107.791,5.07,13.0,16.5,0.0,3.84,83.44,0.9390000000000001
2277,AUS,Oceania,Australia,2020-02-02,11.0,2.0,1.0,0.0,0.0,0.0,0.431,0.078,0.039,0.0,0.0,0.0,0.0,0.0,0.0,0.0,0.0,0.0,0.0,0.0,0,19.44,25499881.0,3.202,37.9,15.504000000000001,10.129,44648.71,0.5,107.791,5.07,13.0,16.5,0.0,3.84,83.44,0.9390000000000001
2278,AUS,Oceania,Australia,2020-02-03,11.0,0.0,1.0,0.0,0.0,0.0,0.431,0.0,0.039,0.0,0.0,0.0,0.0,0.0,0.0,0.0,0.0,0.0,0.0,0.0,0,19.44,25499881.0,3.202,37.9,15.504000000000001,10.129,44648.71,0.5,107.791,5.07,13.0,16.5,0.0,3.84,83.44,0.9390000000000001
2279,AUS,Oceania,Australia,2020-02-04,11.0,0.0,1.0,0.0,0.0,0.0,0.431,0.0,0.039,0.0,0.0,0.0,0.0,0.0,0.0,0.0,0.0,0.0,0.0,0.0,0,19.44,25499881.0,3.202,37.9,15.504000000000001,10.129,44648.71,0.5,107.791,5.07,13.0,16.5,0.0,3.84,83.44,0.9390000000000001
2280,AUS,Oceania,Australia,2020-02-05,12.0,1.0,1.143,0.0,0.0,0.0,0.47100000000000003,0.039,0.045,0.0,0.0,0.0,0.0,0.0,0.0,0.0,0.0,0.0,0.0,0.0,0,19.44,25499881.0,3.202,37.9,15.504000000000001,10.129,44648.71,0.5,107.791,5.07,13.0,16.5,0.0,3.84,83.44,0.9390000000000001
2281,AUS,Oceania,Australia,2020-02-06,13.0,1.0,1.0,0.0,0.0,0.0,0.51,0.039,0.039,0.0,0.0,0.0,0.0,0.0,0.0,0.0,0.0,0.0,0.0,0.0,0,19.44,25499881.0,3.202,37.9,15.504000000000001,10.129,44648.71,0.5,107.791,5.07,13.0,16.5,0.0,3.84,83.44,0.9390000000000001
2282,AUS,Oceania,Australia,2020-02-07,14.0,1.0,1.0,0.0,0.0,0.0,0.5489999999999999,0.039,0.039,0.0,0.0,0.0,0.0,0.0,0.0,0.0,0.0,0.0,0.0,0.0,0,19.44,25499881.0,3.202,37.9,15.504000000000001,10.129,44648.71,0.5,107.791,5.07,13.0,16.5,0.0,3.84,83.44,0.9390000000000001
2283,AUS,Oceania,Australia,2020-02-08,14.0,0.0,0.7140000000000001,0.0,0.0,0.0,0.5489999999999999,0.0,0.027999999999999997,0.0,0.0,0.0,0.0,0.0,0.0,0.0,0.0,0.0,0.0,0.0,0,19.44,25499881.0,3.202,37.9,15.504000000000001,10.129,44648.71,0.5,107.791,5.07,13.0,16.5,0.0,3.84,83.44,0.9390000000000001
2284,AUS,Oceania,Australia,2020-02-09,14.0,0.0,0.429,0.0,0.0,0.0,0.5489999999999999,0.0,0.017,0.0,0.0,0.0,0.0,0.0,0.0,0.0,0.0,0.0,0.0,0.0,0,19.44,25499881.0,3.202,37.9,15.504000000000001,10.129,44648.71,0.5,107.791,5.07,13.0,16.5,0.0,3.84,83.44,0.9390000000000001
2285,AUS,Oceania,Australia,2020-02-10,14.0,0.0,0.429,0.0,0.0,0.0,0.5489999999999999,0.0,0.017,0.0,0.0,0.0,0.0,0.0,0.0,0.0,0.0,0.0,0.0,0.0,0,19.44,25499881.0,3.202,37.9,15.504000000000001,10.129,44648.71,0.5,107.791,5.07,13.0,16.5,0.0,3.84,83.44,0.9390000000000001
2286,AUS,Oceania,Australia,2020-02-11,14.0,0.0,0.429,0.0,0.0,0.0,0.5489999999999999,0.0,0.017,0.0,0.0,0.0,0.0,0.0,0.0,0.0,0.0,0.0,0.0,0.0,0,19.44,25499881.0,3.202,37.9,15.504000000000001,10.129,44648.71,0.5,107.791,5.07,13.0,16.5,0.0,3.84,83.44,0.9390000000000001
2287,AUS,Oceania,Australia,2020-02-12,14.0,0.0,0.28600000000000003,0.0,0.0,0.0,0.5489999999999999,0.0,0.011000000000000001,0.0,0.0,0.0,0.0,0.0,0.0,0.0,0.0,0.0,0.0,0.0,0,19.44,25499881.0,3.202,37.9,15.504000000000001,10.129,44648.71,0.5,107.791,5.07,13.0,16.5,0.0,3.84,83.44,0.9390000000000001
2288,AUS,Oceania,Australia,2020-02-13,14.0,0.0,0.14300000000000002,0.0,0.0,0.0,0.5489999999999999,0.0,0.006,0.0,0.0,0.0,0.0,0.0,0.0,0.0,0.0,0.0,0.0,0.0,0,19.44,25499881.0,3.202,37.9,15.504000000000001,10.129,44648.71,0.5,107.791,5.07,13.0,16.5,0.0,3.84,83.44,0.9390000000000001
2289,AUS,Oceania,Australia,2020-02-14,15.0,1.0,0.14300000000000002,0.0,0.0,0.0,0.588,0.039,0.006,0.0,0.0,0.0,0.0,0.0,0.0,0.0,0.0,0.0,0.0,0.0,0,19.44,25499881.0,3.202,37.9,15.504000000000001,10.129,44648.71,0.5,107.791,5.07,13.0,16.5,0.0,3.84,83.44,0.9390000000000001
2290,AUS,Oceania,Australia,2020-02-15,15.0,0.0,0.14300000000000002,0.0,0.0,0.0,0.588,0.0,0.006,0.0,0.0,0.0,0.0,0.0,0.0,0.0,0.0,0.0,0.0,0.0,0,19.44,25499881.0,3.202,37.9,15.504000000000001,10.129,44648.71,0.5,107.791,5.07,13.0,16.5,0.0,3.84,83.44,0.9390000000000001
2291,AUS,Oceania,Australia,2020-02-16,15.0,0.0,0.14300000000000002,0.0,0.0,0.0,0.588,0.0,0.006,0.0,0.0,0.0,0.0,0.0,0.0,0.0,0.0,0.0,0.0,0.0,0,19.44,25499881.0,3.202,37.9,15.504000000000001,10.129,44648.71,0.5,107.791,5.07,13.0,16.5,0.0,3.84,83.44,0.9390000000000001
2292,AUS,Oceania,Australia,2020-02-17,15.0,0.0,0.14300000000000002,0.0,0.0,0.0,0.588,0.0,0.006,0.0,0.0,0.0,0.0,0.0,0.0,0.0,0.0,0.0,0.0,0.0,0,19.44,25499881.0,3.202,37.9,15.504000000000001,10.129,44648.71,0.5,107.791,5.07,13.0,16.5,0.0,3.84,83.44,0.9390000000000001
2293,AUS,Oceania,Australia,2020-02-18,15.0,0.0,0.14300000000000002,0.0,0.0,0.0,0.588,0.0,0.006,0.0,0.0,0.0,0.0,0.0,0.0,0.0,0.0,0.0,0.0,0.0,0,19.44,25499881.0,3.202,37.9,15.504000000000001,10.129,44648.71,0.5,107.791,5.07,13.0,16.5,0.0,3.84,83.44,0.9390000000000001
2294,AUS,Oceania,Australia,2020-02-19,15.0,0.0,0.14300000000000002,0.0,0.0,0.0,0.588,0.0,0.006,0.0,0.0,0.0,0.0,0.0,0.0,0.0,0.0,0.0,0.0,0.0,0,19.44,25499881.0,3.202,37.9,15.504000000000001,10.129,44648.71,0.5,107.791,5.07,13.0,16.5,0.0,3.84,83.44,0.9390000000000001
2295,AUS,Oceania,Australia,2020-02-20,15.0,0.0,0.14300000000000002,0.0,0.0,0.0,0.588,0.0,0.006,0.0,0.0,0.0,0.0,0.0,0.0,0.0,0.0,0.0,0.0,0.0,0,19.44,25499881.0,3.202,37.9,15.504000000000001,10.129,44648.71,0.5,107.791,5.07,13.0,16.5,0.0,3.84,83.44,0.9390000000000001
2296,AUS,Oceania,Australia,2020-02-21,17.0,2.0,0.28600000000000003,0.0,0.0,0.0,0.667,0.078,0.011000000000000001,0.0,0.0,0.0,0.0,0.0,0.0,0.0,0.0,0.0,0.0,0.0,0,19.44,25499881.0,3.202,37.9,15.504000000000001,10.129,44648.71,0.5,107.791,5.07,13.0,16.5,0.0,3.84,83.44,0.9390000000000001
2297,AUS,Oceania,Australia,2020-02-22,21.0,4.0,0.857,0.0,0.0,0.0,0.8240000000000001,0.157,0.034,0.0,0.0,0.0,0.0,0.0,0.0,0.0,0.0,0.0,0.0,0.0,0,19.44,25499881.0,3.202,37.9,15.504000000000001,10.129,44648.71,0.5,107.791,5.07,13.0,16.5,0.0,3.84,83.44,0.9390000000000001
2298,AUS,Oceania,Australia,2020-02-23,22.0,1.0,1.0,0.0,0.0,0.0,0.863,0.039,0.039,0.0,0.0,0.0,0.0,0.0,0.0,0.0,0.0,0.0,0.0,0.0,0,19.44,25499881.0,3.202,37.9,15.504000000000001,10.129,44648.71,0.5,107.791,5.07,13.0,16.5,0.0,3.84,83.44,0.9390000000000001
2299,AUS,Oceania,Australia,2020-02-24,22.0,0.0,1.0,0.0,0.0,0.0,0.863,0.0,0.039,0.0,0.0,0.0,0.0,0.0,0.0,0.0,0.0,0.0,0.0,0.0,0,19.44,25499881.0,3.202,37.9,15.504000000000001,10.129,44648.71,0.5,107.791,5.07,13.0,16.5,0.0,3.84,83.44,0.9390000000000001
2300,AUS,Oceania,Australia,2020-02-25,22.0,0.0,1.0,0.0,0.0,0.0,0.863,0.0,0.039,0.0,0.0,0.0,0.0,0.0,0.0,0.0,0.0,0.0,0.0,0.0,0,19.44,25499881.0,3.202,37.9,15.504000000000001,10.129,44648.71,0.5,107.791,5.07,13.0,16.5,0.0,3.84,83.44,0.9390000000000001
2301,AUS,Oceania,Australia,2020-02-26,22.0,0.0,1.0,0.0,0.0,0.0,0.863,0.0,0.039,0.0,0.0,0.0,0.0,0.0,0.0,0.0,0.0,0.0,0.0,0.0,0,19.44,25499881.0,3.202,37.9,15.504000000000001,10.129,44648.71,0.5,107.791,5.07,13.0,16.5,0.0,3.84,83.44,0.9390000000000001
2302,AUS,Oceania,Australia,2020-02-27,23.0,1.0,1.143,0.0,0.0,0.0,0.902,0.039,0.045,0.0,0.0,0.0,0.0,0.0,0.0,0.0,0.0,0.0,0.0,0.0,0,19.44,25499881.0,3.202,37.9,15.504000000000001,10.129,44648.71,0.5,107.791,5.07,13.0,16.5,0.0,3.84,83.44,0.9390000000000001
2303,AUS,Oceania,Australia,2020-02-28,23.0,0.0,0.857,0.0,0.0,0.0,0.902,0.0,0.034,0.0,0.0,0.0,0.0,0.0,0.0,0.0,0.0,0.0,0.0,0.0,0,19.44,25499881.0,3.202,37.9,15.504000000000001,10.129,44648.71,0.5,107.791,5.07,13.0,16.5,0.0,3.84,83.44,0.9390000000000001
2304,AUS,Oceania,Australia,2020-02-29,25.0,2.0,0.5710000000000001,0.0,0.0,0.0,0.98,0.078,0.022000000000000002,0.0,0.0,0.0,0.0,0.0,0.0,0.0,0.0,0.0,0.0,0.0,0,19.44,25499881.0,3.202,37.9,15.504000000000001,10.129,44648.71,0.5,107.791,5.07,13.0,16.5,0.0,3.84,83.44,0.9390000000000001
2305,AUS,Oceania,Australia,2020-03-01,26.0,1.0,0.5710000000000001,1.0,1.0,0.14300000000000002,1.02,0.039,0.022000000000000002,0.039,0.039,0.006,0.0,0.0,0.0,0.0,0.0,0.0,0.0,0.0,0,19.44,25499881.0,3.202,37.9,15.504000000000001,10.129,44648.71,0.5,107.791,5.07,13.0,16.5,0.0,3.84,83.44,0.9390000000000001
2306,AUS,Oceania,Australia,2020-03-02,29.0,3.0,1.0,1.0,0.0,0.14300000000000002,1.137,0.11800000000000001,0.039,0.039,0.0,0.006,0.0,0.0,0.0,0.0,0.0,0.0,0.0,0.0,0,19.44,25499881.0,3.202,37.9,15.504000000000001,10.129,44648.71,0.5,107.791,5.07,13.0,16.5,0.0,3.84,83.44,0.9390000000000001
2307,AUS,Oceania,Australia,2020-03-03,33.0,4.0,1.571,1.0,0.0,0.14300000000000002,1.294,0.157,0.062,0.039,0.0,0.006,0.0,0.0,0.0,0.0,0.0,0.0,0.0,0.0,0,19.44,25499881.0,3.202,37.9,15.504000000000001,10.129,44648.71,0.5,107.791,5.07,13.0,16.5,0.0,3.84,83.44,0.9390000000000001
2308,AUS,Oceania,Australia,2020-03-04,41.0,8.0,2.714,1.0,0.0,0.14300000000000002,1.608,0.314,0.106,0.039,0.0,0.006,0.0,0.0,0.0,0.0,0.0,0.0,0.0,0.0,0,19.44,25499881.0,3.202,37.9,15.504000000000001,10.129,44648.71,0.5,107.791,5.07,13.0,16.5,0.0,3.84,83.44,0.9390000000000001
2309,AUS,Oceania,Australia,2020-03-05,52.0,11.0,4.143,2.0,1.0,0.28600000000000003,2.039,0.431,0.162,0.078,0.039,0.011000000000000001,0.0,0.0,0.0,0.0,0.0,0.0,0.0,0.0,0,19.44,25499881.0,3.202,37.9,15.504000000000001,10.129,44648.71,0.5,107.791,5.07,13.0,16.5,0.0,3.84,83.44,0.9390000000000001
2310,AUS,Oceania,Australia,2020-03-06,59.0,7.0,5.143,2.0,0.0,0.28600000000000003,2.314,0.275,0.20199999999999999,0.078,0.0,0.011000000000000001,0.0,0.0,0.0,0.0,0.0,0.0,0.0,0.0,0,19.44,25499881.0,3.202,37.9,15.504000000000001,10.129,44648.71,0.5,107.791,5.07,13.0,16.5,0.0,3.84,83.44,0.9390000000000001
2311,AUS,Oceania,Australia,2020-03-07,63.0,4.0,5.428999999999999,2.0,0.0,0.28600000000000003,2.471,0.157,0.213,0.078,0.0,0.011000000000000001,0.0,0.0,0.0,0.0,0.0,0.0,0.0,0.0,0,19.44,25499881.0,3.202,37.9,15.504000000000001,10.129,44648.71,0.5,107.791,5.07,13.0,16.5,0.0,3.84,83.44,0.9390000000000001
2312,AUS,Oceania,Australia,2020-03-08,74.0,11.0,6.857,3.0,1.0,0.28600000000000003,2.9019999999999997,0.431,0.26899999999999996,0.11800000000000001,0.039,0.011000000000000001,0.0,0.0,0.0,0.0,0.0,0.0,0.0,0.0,0,19.44,25499881.0,3.202,37.9,15.504000000000001,10.129,44648.71,0.5,107.791,5.07,13.0,16.5,0.0,3.84,83.44,0.9390000000000001
2313,AUS,Oceania,Australia,2020-03-09,80.0,6.0,7.2860000000000005,3.0,0.0,0.28600000000000003,3.137,0.235,0.28600000000000003,0.11800000000000001,0.0,0.011000000000000001,0.0,0.0,0.0,0.0,0.0,0.0,0.0,0.0,0,19.44,25499881.0,3.202,37.9,15.504000000000001,10.129,44648.71,0.5,107.791,5.07,13.0,16.5,0.0,3.84,83.44,0.9390000000000001
2314,AUS,Oceania,Australia,2020-03-10,100.0,20.0,9.571,3.0,0.0,0.28600000000000003,3.9219999999999997,0.784,0.375,0.11800000000000001,0.0,0.011000000000000001,0.0,0.0,0.0,0.0,0.0,0.0,0.0,0.0,0,19.44,25499881.0,3.202,37.9,15.504000000000001,10.129,44648.71,0.5,107.791,5.07,13.0,16.5,0.0,3.84,83.44,0.9390000000000001
2315,AUS,Oceania,Australia,2020-03-11,112.0,12.0,10.142999999999999,3.0,0.0,0.28600000000000003,4.3919999999999995,0.47100000000000003,0.39799999999999996,0.11800000000000001,0.0,0.011000000000000001,0.0,0.0,0.0,0.0,0.0,0.0,0.0,0.0,0,19.44,25499881.0,3.202,37.9,15.504000000000001,10.129,44648.71,0.5,107.791,5.07,13.0,16.5,0.0,3.84,83.44,0.9390000000000001
2316,AUS,Oceania,Australia,2020-03-12,126.0,14.0,10.571,3.0,0.0,0.14300000000000002,4.941,0.5489999999999999,0.415,0.11800000000000001,0.0,0.006,0.0,0.0,0.0,0.0,0.0,0.0,0.0,0.0,0,19.44,25499881.0,3.202,37.9,15.504000000000001,10.129,44648.71,0.5,107.791,5.07,13.0,16.5,0.0,3.84,83.44,0.9390000000000001
2317,AUS,Oceania,Australia,2020-03-13,156.0,30.0,13.857000000000001,3.0,0.0,0.14300000000000002,6.117999999999999,1.176,0.5429999999999999,0.11800000000000001,0.0,0.006,0.0,0.0,0.0,0.0,0.0,0.0,0.0,0.0,0,19.44,25499881.0,3.202,37.9,15.504000000000001,10.129,44648.71,0.5,107.791,5.07,13.0,16.5,0.0,3.84,83.44,0.9390000000000001
2318,AUS,Oceania,Australia,2020-03-14,197.0,41.0,19.143,3.0,0.0,0.14300000000000002,7.726,1.608,0.7509999999999999,0.11800000000000001,0.0,0.006,0.0,0.0,0.0,0.0,0.0,0.0,0.0,0.0,0,19.44,25499881.0,3.202,37.9,15.504000000000001,10.129,44648.71,0.5,107.791,5.07,13.0,16.5,0.0,3.84,83.44,0.9390000000000001
2319,AUS,Oceania,Australia,2020-03-15,249.0,52.0,25.0,3.0,0.0,0.0,9.765,2.039,0.98,0.11800000000000001,0.0,0.0,0.0,0.0,0.0,0.0,0.0,0.0,0.0,0.0,0,19.44,25499881.0,3.202,37.9,15.504000000000001,10.129,44648.71,0.5,107.791,5.07,13.0,16.5,0.0,3.84,83.44,0.9390000000000001
2320,AUS,Oceania,Australia,2020-03-16,298.0,49.0,31.143,5.0,2.0,0.28600000000000003,11.686,1.922,1.2209999999999999,0.196,0.078,0.011000000000000001,0.0,0.0,0.0,0.0,0.0,0.0,0.0,0.0,0,30.56,25499881.0,3.202,37.9,15.504000000000001,10.129,44648.71,0.5,107.791,5.07,13.0,16.5,0.0,3.84,83.44,0.9390000000000001
2321,AUS,Oceania,Australia,2020-03-17,375.0,77.0,39.286,5.0,0.0,0.28600000000000003,14.706,3.02,1.541,0.196,0.0,0.011000000000000001,0.0,0.0,0.0,0.0,0.0,0.0,0.0,0.0,0,30.56,25499881.0,3.202,37.9,15.504000000000001,10.129,44648.71,0.5,107.791,5.07,13.0,16.5,0.0,3.84,83.44,0.9390000000000001
2322,AUS,Oceania,Australia,2020-03-18,454.0,79.0,48.857,5.0,0.0,0.28600000000000003,17.804000000000002,3.0980000000000003,1.916,0.196,0.0,0.011000000000000001,0.0,0.0,0.0,0.0,0.0,0.0,0.0,0.0,0,36.11,25499881.0,3.202,37.9,15.504000000000001,10.129,44648.71,0.5,107.791,5.07,13.0,16.5,0.0,3.84,83.44,0.9390000000000001
2323,AUS,Oceania,Australia,2020-03-19,565.0,111.0,62.714,6.0,1.0,0.429,22.156999999999996,4.353,2.459,0.235,0.039,0.017,0.0,0.0,0.0,0.0,0.0,0.0,0.0,0.0,0,44.44,25499881.0,3.202,37.9,15.504000000000001,10.129,44648.71,0.5,107.791,5.07,13.0,16.5,0.0,3.84,83.44,0.9390000000000001
2324,AUS,Oceania,Australia,2020-03-20,709.0,144.0,79.0,6.0,0.0,0.429,27.804000000000002,5.647,3.0980000000000003,0.235,0.0,0.017,0.0,0.0,0.0,0.0,0.0,0.0,0.0,0.0,0,47.22,25499881.0,3.202,37.9,15.504000000000001,10.129,44648.71,0.5,107.791,5.07,13.0,16.5,0.0,3.84,83.44,0.9390000000000001
2325,AUS,Oceania,Australia,2020-03-21,874.0,165.0,96.714,7.0,1.0,0.5710000000000001,34.275,6.471,3.793,0.275,0.039,0.022000000000000002,0.0,0.0,0.0,0.0,0.0,0.0,0.0,0.0,0,47.22,25499881.0,3.202,37.9,15.504000000000001,10.129,44648.71,0.5,107.791,5.07,13.0,16.5,0.0,3.84,83.44,0.9390000000000001
2326,AUS,Oceania,Australia,2020-03-22,1098.0,224.0,121.286,7.0,0.0,0.5710000000000001,43.059,8.783999999999999,4.756,0.275,0.0,0.022000000000000002,0.0,143056.0,5.61,0.0,0.0,0.0,0.0,0.0,tests performed,47.22,25499881.0,3.202,37.9,15.504000000000001,10.129,44648.71,0.5,107.791,5.07,13.0,16.5,0.0,3.84,83.44,0.9390000000000001
2327,AUS,Oceania,Australia,2020-03-23,1709.0,611.0,201.571,7.0,0.0,0.28600000000000003,67.02,23.961,7.905,0.275,0.0,0.011000000000000001,0.0,0.0,0.0,0.0,0.0,0.0,0.0,0.0,tests performed,52.78,25499881.0,3.202,37.9,15.504000000000001,10.129,44648.71,0.5,107.791,5.07,13.0,16.5,0.0,3.84,83.44,0.9390000000000001
2328,AUS,Oceania,Australia,2020-03-24,1823.0,114.0,206.857,7.0,0.0,0.28600000000000003,71.491,4.471,8.112,0.275,0.0,0.011000000000000001,0.0,0.0,0.0,0.0,0.0,0.0,0.0,0.0,tests performed,68.52,25499881.0,3.202,37.9,15.504000000000001,10.129,44648.71,0.5,107.791,5.07,13.0,16.5,0.0,3.84,83.44,0.9390000000000001
2329,AUS,Oceania,Australia,2020-03-25,2423.0,600.0,281.286,8.0,1.0,0.429,95.02,23.53,11.030999999999999,0.314,0.039,0.017,0.0,0.0,0.0,0.0,0.0,0.0,0.0,0.0,tests performed,68.52,25499881.0,3.202,37.9,15.504000000000001,10.129,44648.71,0.5,107.791,5.07,13.0,16.5,0.0,3.84,83.44,0.9390000000000001
2330,AUS,Oceania,Australia,2020-03-26,2799.0,376.0,319.143,11.0,3.0,0.7140000000000001,109.765,14.745,12.515,0.431,0.11800000000000001,0.027999999999999997,0.0,0.0,0.0,0.0,0.0,0.0,0.0,0.0,tests performed,68.52,25499881.0,3.202,37.9,15.504000000000001,10.129,44648.71,0.5,107.791,5.07,13.0,16.5,0.0,3.84,83.44,0.9390000000000001
2331,AUS,Oceania,Australia,2020-03-27,3166.0,367.0,351.0,13.0,2.0,1.0,124.15700000000001,14.392000000000001,13.765,0.51,0.078,0.039,0.0,0.0,0.0,0.0,0.0,0.0,0.0,0.0,tests performed,68.52,25499881.0,3.202,37.9,15.504000000000001,10.129,44648.71,0.5,107.791,5.07,13.0,16.5,0.0,3.84,83.44,0.9390000000000001
2332,AUS,Oceania,Australia,2020-03-28,3378.0,212.0,357.714,13.0,0.0,0.857,132.471,8.314,14.027999999999999,0.51,0.0,0.034,0.0,0.0,0.0,0.0,0.0,0.0,0.0,0.0,tests performed,68.52,25499881.0,3.202,37.9,15.504000000000001,10.129,44648.71,0.5,107.791,5.07,13.0,16.5,0.0,3.84,83.44,0.9390000000000001
2333,AUS,Oceania,Australia,2020-03-29,3809.0,431.0,387.286,14.0,1.0,1.0,149.373,16.902,15.187999999999999,0.5489999999999999,0.039,0.039,0.0,211261.0,8.285,0.0,9744.0,0.382,25.16,0.04,tests performed,71.3,25499881.0,3.202,37.9,15.504000000000001,10.129,44648.71,0.5,107.791,5.07,13.0,16.5,0.0,3.84,83.44,0.9390000000000001
2334,AUS,Oceania,Australia,2020-03-30,4093.0,284.0,340.57099999999997,16.0,2.0,1.286,160.511,11.137,13.356,0.627,0.078,0.05,0.0,0.0,0.0,0.0,10105.0,0.396,29.671,0.034,tests performed,71.3,25499881.0,3.202,37.9,15.504000000000001,10.129,44648.71,0.5,107.791,5.07,13.0,16.5,0.0,3.84,83.44,0.9390000000000001
2335,AUS,Oceania,Australia,2020-03-31,4557.0,464.0,390.57099999999997,19.0,3.0,1.714,178.707,18.195999999999998,15.317,0.745,0.11800000000000001,0.067,0.0,0.0,0.0,0.0,10466.0,0.41,26.797,0.037000000000000005,tests performed,71.3,25499881.0,3.202,37.9,15.504000000000001,10.129,44648.71,0.5,107.791,5.07,13.0,16.5,0.0,3.84,83.44,0.9390000000000001
2336,AUS,Oceania,Australia,2020-04-01,4707.0,150.0,326.286,20.0,1.0,1.714,184.58900000000003,5.882000000000001,12.796,0.784,0.039,0.067,0.0,0.0,0.0,0.0,10827.0,0.425,33.183,0.03,tests performed,71.3,25499881.0,3.202,37.9,15.504000000000001,10.129,44648.71,0.5,107.791,5.07,13.0,16.5,0.0,3.84,83.44,0.9390000000000001
2337,AUS,Oceania,Australia,2020-04-02,4976.0,269.0,311.0,21.0,1.0,1.429,195.138,10.549000000000001,12.196,0.8240000000000001,0.039,0.055999999999999994,0.0,0.0,0.0,0.0,11187.0,0.439,35.971,0.028,tests performed,73.15,25499881.0,3.202,37.9,15.504000000000001,10.129,44648.71,0.5,107.791,5.07,13.0,16.5,0.0,3.84,83.44,0.9390000000000001
2338,AUS,Oceania,Australia,2020-04-03,5224.0,248.0,294.0,23.0,2.0,1.429,204.864,9.726,11.529000000000002,0.902,0.078,0.055999999999999994,0.0,0.0,0.0,0.0,11548.0,0.45299999999999996,39.279,0.025,tests performed,73.15,25499881.0,3.202,37.9,15.504000000000001,10.129,44648.71,0.5,107.791,5.07,13.0,16.5,0.0,3.84,83.44,0.9390000000000001
2339,AUS,Oceania,Australia,2020-04-04,5548.0,324.0,310.0,30.0,7.0,2.4290000000000003,217.57,12.706,12.157,1.176,0.275,0.095,0.0,0.0,0.0,0.0,11909.0,0.467,38.416,0.026,tests performed,73.15,25499881.0,3.202,37.9,15.504000000000001,10.129,44648.71,0.5,107.791,5.07,13.0,16.5,0.0,3.84,83.44,0.9390000000000001
2340,AUS,Oceania,Australia,2020-04-05,5687.0,139.0,268.286,34.0,4.0,2.8569999999999998,223.021,5.4510000000000005,10.520999999999999,1.3330000000000002,0.157,0.11199999999999999,0.0,297154.0,11.652999999999999,0.0,12270.0,0.48100000000000004,45.735,0.022,tests performed,73.15,25499881.0,3.202,37.9,15.504000000000001,10.129,44648.71,0.5,107.791,5.07,13.0,16.5,0.0,3.84,83.44,0.9390000000000001
2341,AUS,Oceania,Australia,2020-04-06,5744.0,57.0,235.857,36.0,2.0,2.8569999999999998,225.25599999999997,2.235,9.249,1.412,0.078,0.11199999999999999,5509.0,302663.0,11.869000000000002,0.21600000000000003,11305.0,0.44299999999999995,47.932,0.021,tests performed,73.15,25499881.0,3.202,37.9,15.504000000000001,10.129,44648.71,0.5,107.791,5.07,13.0,16.5,0.0,3.84,83.44,0.9390000000000001
2342,AUS,Oceania,Australia,2020-04-07,5844.0,100.0,183.857,42.0,6.0,3.286,229.178,3.9219999999999997,7.21,1.6469999999999998,0.235,0.129,8037.0,310700.0,12.184000000000001,0.315,10700.0,0.42,58.197,0.017,tests performed,73.15,25499881.0,3.202,37.9,15.504000000000001,10.129,44648.71,0.5,107.791,5.07,13.0,16.5,0.0,3.84,83.44,0.9390000000000001
2343,AUS,Oceania,Australia,2020-04-08,5956.0,112.0,178.429,45.0,3.0,3.571,233.57,4.3919999999999995,6.997000000000001,1.765,0.11800000000000001,0.14,8668.0,319368.0,12.524000000000001,0.34,10185.0,0.39899999999999997,57.082,0.018000000000000002,tests performed,73.15,25499881.0,3.202,37.9,15.504000000000001,10.129,44648.71,0.5,107.791,5.07,13.0,16.5,0.0,3.84,83.44,0.9390000000000001
2344,AUS,Oceania,Australia,2020-04-09,6052.0,96.0,153.714,50.0,5.0,4.143,237.334,3.765,6.028,1.9609999999999999,0.196,0.162,10766.0,330134.0,12.946,0.42200000000000004,9970.0,0.391,64.861,0.015,tests performed,73.15,25499881.0,3.202,37.9,15.504000000000001,10.129,44648.71,0.5,107.791,5.07,13.0,16.5,0.0,3.84,83.44,0.9390000000000001
2345,AUS,Oceania,Australia,2020-04-10,6152.0,100.0,132.571,52.0,2.0,4.143,241.25599999999997,3.9219999999999997,5.199,2.039,0.078,0.162,8212.0,338346.0,13.269,0.322,9390.0,0.368,70.83,0.014,tests performed,73.15,25499881.0,3.202,37.9,15.504000000000001,10.129,44648.71,0.5,107.791,5.07,13.0,16.5,0.0,3.84,83.44,0.9390000000000001
2346,AUS,Oceania,Australia,2020-04-11,6238.0,86.0,98.571,54.0,2.0,3.429,244.62900000000002,3.373,3.866,2.1180000000000003,0.078,0.134,9501.0,347847.0,13.640999999999998,0.373,8995.0,0.353,91.254,0.011,tests performed,73.15,25499881.0,3.202,37.9,15.504000000000001,10.129,44648.71,0.5,107.791,5.07,13.0,16.5,0.0,3.84,83.44,0.9390000000000001
2347,AUS,Oceania,Australia,2020-04-12,6289.0,51.0,86.0,57.0,3.0,3.286,246.62900000000002,2.0,3.373,2.235,0.11800000000000001,0.129,6094.0,353941.0,13.88,0.239,8112.0,0.318,94.326,0.011,tests performed,73.15,25499881.0,3.202,37.9,15.504000000000001,10.129,44648.71,0.5,107.791,5.07,13.0,16.5,0.0,3.84,83.44,0.9390000000000001
2348,AUS,Oceania,Australia,2020-04-13,6322.0,33.0,82.571,61.0,4.0,3.571,247.923,1.294,3.238,2.392,0.157,0.14,8195.0,362136.0,14.200999999999999,0.321,8496.0,0.33299999999999996,102.893,0.01,tests performed,73.15,25499881.0,3.202,37.9,15.504000000000001,10.129,44648.71,0.5,107.791,5.07,13.0,16.5,0.0,3.84,83.44,0.9390000000000001
2349,AUS,Oceania,Australia,2020-04-14,6366.0,44.0,74.571,61.0,0.0,2.714,249.648,1.725,2.924,2.392,0.0,0.106,4357.0,366493.0,14.372,0.171,7970.0,0.313,106.877,0.009000000000000001,tests performed,73.15,25499881.0,3.202,37.9,15.504000000000001,10.129,44648.71,0.5,107.791,5.07,13.0,16.5,0.0,3.84,83.44,0.9390000000000001
2350,AUS,Oceania,Australia,2020-04-15,6416.0,50.0,65.714,61.0,0.0,2.286,251.609,1.9609999999999999,2.577,2.392,0.0,0.09,4884.0,371377.0,14.564,0.192,7430.0,0.29100000000000004,113.065,0.009000000000000001,tests performed,73.15,25499881.0,3.202,37.9,15.504000000000001,10.129,44648.71,0.5,107.791,5.07,13.0,16.5,0.0,3.84,83.44,0.9390000000000001
2351,AUS,Oceania,Australia,2020-04-16,6458.0,42.0,58.0,63.0,2.0,1.857,253.25599999999997,1.6469999999999998,2.275,2.471,0.078,0.073,8626.0,380003.0,14.902000000000001,0.33799999999999997,7124.0,0.27899999999999997,122.828,0.008,tests performed,73.15,25499881.0,3.202,37.9,15.504000000000001,10.129,44648.71,0.5,107.791,5.07,13.0,16.5,0.0,3.84,83.44,0.9390000000000001
2352,AUS,Oceania,Australia,2020-04-17,6497.0,39.0,49.286,63.0,0.0,1.571,254.78599999999997,1.5290000000000001,1.933,2.471,0.0,0.062,11527.0,391530.0,15.354000000000001,0.452,7598.0,0.298,154.162,0.006,tests performed,73.15,25499881.0,3.202,37.9,15.504000000000001,10.129,44648.71,0.5,107.791,5.07,13.0,16.5,0.0,3.84,83.44,0.9390000000000001
2353,AUS,Oceania,Australia,2020-04-18,6533.0,36.0,42.143,67.0,4.0,1.857,256.197,1.412,1.653,2.627,0.157,0.073,14980.0,406510.0,15.942,0.5870000000000001,8380.0,0.32899999999999996,198.847,0.005,tests performed,69.44,25499881.0,3.202,37.9,15.504000000000001,10.129,44648.71,0.5,107.791,5.07,13.0,16.5,0.0,3.84,83.44,0.9390000000000001
2354,AUS,Oceania,Australia,2020-04-19,6586.0,53.0,42.428999999999995,69.0,2.0,1.714,258.276,2.0780000000000003,1.6640000000000001,2.7060000000000004,0.078,0.067,14486.0,420996.0,16.51,0.568,9579.0,0.376,225.768,0.004,tests performed,69.44,25499881.0,3.202,37.9,15.504000000000001,10.129,44648.71,0.5,107.791,5.07,13.0,16.5,0.0,3.84,83.44,0.9390000000000001
2355,AUS,Oceania,Australia,2020-04-20,6612.0,26.0,41.428999999999995,70.0,1.0,1.286,259.295,1.02,1.625,2.745,0.039,0.05,10738.0,431734.0,16.930999999999997,0.42100000000000004,9943.0,0.39,240.003,0.004,tests performed,69.44,25499881.0,3.202,37.9,15.504000000000001,10.129,44648.71,0.5,107.791,5.07,13.0,16.5,0.0,3.84,83.44,0.9390000000000001
2356,AUS,Oceania,Australia,2020-04-21,6625.0,13.0,37.0,71.0,1.0,1.429,259.805,0.51,1.4509999999999998,2.784,0.039,0.055999999999999994,8108.0,439842.0,17.249000000000002,0.318,10478.0,0.41100000000000003,283.189,0.004,tests performed,69.44,25499881.0,3.202,37.9,15.504000000000001,10.129,44648.71,0.5,107.791,5.07,13.0,16.5,0.0,3.84,83.44,0.9390000000000001
2357,AUS,Oceania,Australia,2020-04-22,6647.0,22.0,33.0,74.0,3.0,1.857,260.668,0.863,1.294,2.9019999999999997,0.11800000000000001,0.073,12599.0,452441.0,17.743,0.494,11581.0,0.45399999999999996,350.939,0.003,tests performed,69.44,25499881.0,3.202,37.9,15.504000000000001,10.129,44648.71,0.5,107.791,5.07,13.0,16.5,0.0,3.84,83.44,0.9390000000000001
2358,AUS,Oceania,Australia,2020-04-23,6654.0,7.0,28.0,74.0,0.0,1.571,260.942,0.275,1.0979999999999999,2.9019999999999997,0.0,0.062,14218.0,466659.0,18.3,0.5579999999999999,12379.0,0.485,442.107,0.002,tests performed,69.44,25499881.0,3.202,37.9,15.504000000000001,10.129,44648.71,0.5,107.791,5.07,13.0,16.5,0.0,3.84,83.44,0.9390000000000001
2359,AUS,Oceania,Australia,2020-04-24,6667.0,13.0,24.285999999999998,75.0,1.0,1.714,261.452,0.51,0.9520000000000001,2.9410000000000003,0.039,0.067,15711.0,482370.0,18.917,0.616,12977.0,0.509,534.347,0.002,tests performed,69.44,25499881.0,3.202,37.9,15.504000000000001,10.129,44648.71,0.5,107.791,5.07,13.0,16.5,0.0,3.84,83.44,0.9390000000000001
2360,AUS,Oceania,Australia,2020-04-25,6687.0,20.0,22.0,79.0,4.0,1.714,262.237,0.784,0.863,3.0980000000000003,0.157,0.067,11887.0,494257.0,19.383,0.466,12535.0,0.49200000000000005,569.773,0.002,tests performed,69.44,25499881.0,3.202,37.9,15.504000000000001,10.129,44648.71,0.5,107.791,5.07,13.0,16.5,0.0,3.84,83.44,0.9390000000000001
2361,AUS,Oceania,Australia,2020-04-26,6703.0,16.0,16.714000000000002,81.0,2.0,1.714,262.86400000000003,0.627,0.655,3.176,0.078,0.067,12192.0,506449.0,19.861,0.478,12208.0,0.479,730.393,0.001,tests performed,69.44,25499881.0,3.202,37.9,15.504000000000001,10.129,44648.71,0.5,107.791,5.07,13.0,16.5,0.0,3.84,83.44,0.9390000000000001
2362,AUS,Oceania,Australia,2020-04-27,6713.0,10.0,14.429,83.0,2.0,1.857,263.256,0.392,0.5660000000000001,3.255,0.078,0.073,10614.0,517063.0,20.277,0.41600000000000004,12190.0,0.478,844.8510000000001,0.001,tests performed,69.44,25499881.0,3.202,37.9,15.504000000000001,10.129,44648.71,0.5,107.791,5.07,13.0,16.5,0.0,3.84,83.44,0.9390000000000001
2363,AUS,Oceania,Australia,2020-04-28,6725.0,12.0,14.286,84.0,1.0,1.857,263.72700000000003,0.47100000000000003,0.56,3.2939999999999996,0.039,0.073,13616.0,530679.0,20.811,0.534,12977.0,0.509,908.39,0.001,tests performed,69.44,25499881.0,3.202,37.9,15.504000000000001,10.129,44648.71,0.5,107.791,5.07,13.0,16.5,0.0,3.84,83.44,0.9390000000000001
2364,AUS,Oceania,Australia,2020-04-29,6738.0,13.0,13.0,88.0,4.0,2.0,264.237,0.51,0.51,3.451,0.157,0.078,13731.0,544410.0,21.35,0.5379999999999999,13138.0,0.515,1010.615,0.001,tests performed,69.44,25499881.0,3.202,37.9,15.504000000000001,10.129,44648.71,0.5,107.791,5.07,13.0,16.5,0.0,3.84,83.44,0.9390000000000001
2365,AUS,Oceania,Australia,2020-04-30,6746.0,8.0,13.142999999999999,90.0,2.0,2.286,264.55,0.314,0.515,3.529,0.078,0.09,19231.0,563641.0,22.104,0.754,13855.0,0.5429999999999999,1054.185,0.001,tests performed,69.44,25499881.0,3.202,37.9,15.504000000000001,10.129,44648.71,0.5,107.791,5.07,13.0,16.5,0.0,3.84,83.44,0.9390000000000001
2366,AUS,Oceania,Australia,2020-05-01,6762.0,16.0,13.571,92.0,2.0,2.4290000000000003,265.178,0.627,0.532,3.608,0.078,0.095,25227.0,588868.0,23.093000000000004,0.9890000000000001,15214.0,0.597,1121.032,0.001,tests performed,69.44,25499881.0,3.202,37.9,15.504000000000001,10.129,44648.71,0.5,107.791,5.07,13.0,16.5,0.0,3.84,83.44,0.9390000000000001
2367,AUS,Oceania,Australia,2020-05-02,6767.0,5.0,11.429,93.0,1.0,2.0,265.374,0.196,0.44799999999999995,3.647,0.039,0.078,22715.0,611583.0,23.984,0.8909999999999999,16761.0,0.657,1466.5870000000002,0.001,tests performed,69.44,25499881.0,3.202,37.9,15.504000000000001,10.129,44648.71,0.5,107.791,5.07,13.0,16.5,0.0,3.84,83.44,0.9390000000000001
2368,AUS,Oceania,Australia,2020-05-03,6783.0,16.0,11.429,93.0,0.0,1.714,266.001,0.627,0.44799999999999995,3.647,0.0,0.067,21524.0,633107.0,24.828000000000003,0.8440000000000001,18094.0,0.71,1583.225,0.001,tests performed,69.44,25499881.0,3.202,37.9,15.504000000000001,10.129,44648.71,0.5,107.791,5.07,13.0,16.5,0.0,3.84,83.44,0.9390000000000001
2369,AUS,Oceania,Australia,2020-05-04,6801.0,18.0,12.571,95.0,2.0,1.714,266.707,0.706,0.493,3.7260000000000004,0.078,0.067,17107.0,650214.0,25.499000000000002,0.6709999999999999,19022.0,0.746,1513.114,0.001,tests performed,69.44,25499881.0,3.202,37.9,15.504000000000001,10.129,44648.71,0.5,107.791,5.07,13.0,16.5,0.0,3.84,83.44,0.9390000000000001
2370,AUS,Oceania,Australia,2020-05-05,6825.0,24.0,14.286,95.0,0.0,1.571,267.64799999999997,0.941,0.56,3.7260000000000004,0.0,0.062,14542.0,664756.0,26.069000000000003,0.57,19154.0,0.7509999999999999,1340.78,0.001,tests performed,69.44,25499881.0,3.202,37.9,15.504000000000001,10.129,44648.71,0.5,107.791,5.07,13.0,16.5,0.0,3.84,83.44,0.9390000000000001
2371,AUS,Oceania,Australia,2020-05-06,6849.0,24.0,15.857000000000001,96.0,1.0,1.143,268.589,0.941,0.622,3.765,0.039,0.045,23900.0,688656.0,27.006,0.937,20607.0,0.8079999999999999,1299.5410000000004,0.001,tests performed,69.44,25499881.0,3.202,37.9,15.504000000000001,10.129,44648.71,0.5,107.791,5.07,13.0,16.5,0.0,3.84,83.44,0.9390000000000001
2372,AUS,Oceania,Australia,2020-05-07,6875.0,26.0,18.429000000000002,97.0,1.0,1.0,269.60900000000004,1.02,0.723,3.804,0.039,0.039,33893.0,722549.0,28.335,1.329,22701.0,0.89,1231.837,0.001,tests performed,69.44,25499881.0,3.202,37.9,15.504000000000001,10.129,44648.71,0.5,107.791,5.07,13.0,16.5,0.0,3.84,83.44,0.9390000000000001
2373,AUS,Oceania,Australia,2020-05-08,6896.0,21.0,19.143,97.0,0.0,0.7140000000000001,270.433,0.8240000000000001,0.7509999999999999,3.804,0.0,0.027999999999999997,34701.0,757250.0,29.695999999999998,1.361,24055.0,0.943,1256.604,0.001,tests performed,69.44,25499881.0,3.202,37.9,15.504000000000001,10.129,44648.71,0.5,107.791,5.07,13.0,16.5,0.0,3.84,83.44,0.9390000000000001
2374,AUS,Oceania,Australia,2020-05-09,6914.0,18.0,21.0,97.0,0.0,0.5710000000000001,271.139,0.706,0.8240000000000001,3.804,0.0,0.022000000000000002,38206.0,795456.0,31.194000000000003,1.4980000000000002,26268.0,1.03,1250.857,0.001,tests performed,69.44,25499881.0,3.202,37.9,15.504000000000001,10.129,44648.71,0.5,107.791,5.07,13.0,16.5,0.0,3.84,83.44,0.9390000000000001
2375,AUS,Oceania,Australia,2020-05-10,6929.0,15.0,20.857,97.0,0.0,0.5710000000000001,271.72700000000003,0.588,0.818,3.804,0.0,0.022000000000000002,32416.0,827872.0,32.466,1.271,27824.0,1.091,1334.027,0.001,tests performed,69.44,25499881.0,3.202,37.9,15.504000000000001,10.129,44648.71,0.5,107.791,5.07,13.0,16.5,0.0,3.84,83.44,0.9390000000000001
2376,AUS,Oceania,Australia,2020-05-11,6941.0,12.0,20.0,97.0,0.0,0.28600000000000003,272.197,0.47100000000000003,0.784,3.804,0.0,0.011000000000000001,27247.0,855119.0,33.534,1.069,29272.0,1.148,1463.6,0.001,tests performed,69.44,25499881.0,3.202,37.9,15.504000000000001,10.129,44648.71,0.5,107.791,5.07,13.0,16.5,0.0,3.84,83.44,0.9390000000000001
2377,AUS,Oceania,Australia,2020-05-12,6948.0,7.0,17.570999999999998,97.0,0.0,0.28600000000000003,272.472,0.275,0.6890000000000001,3.804,0.0,0.011000000000000001,22808.0,877927.0,34.429,0.894,30453.0,1.194,1733.098,0.001,tests performed,69.44,25499881.0,3.202,37.9,15.504000000000001,10.129,44648.71,0.5,107.791,5.07,13.0,16.5,0.0,3.84,83.44,0.9390000000000001
2378,AUS,Oceania,Australia,2020-05-13,6964.0,16.0,16.429000000000002,97.0,0.0,0.14300000000000002,273.099,0.627,0.644,3.804,0.0,0.006,31098.0,909025.0,35.648,1.22,31481.0,1.235,1916.235,0.001,tests performed,69.44,25499881.0,3.202,37.9,15.504000000000001,10.129,44648.71,0.5,107.791,5.07,13.0,16.5,0.0,3.84,83.44,0.9390000000000001
2379,AUS,Oceania,Australia,2020-05-14,6975.0,11.0,14.286,98.0,1.0,0.14300000000000002,273.531,0.431,0.56,3.843,0.039,0.006,34455.0,943480.0,36.999,1.351,31562.0,1.238,2209.34,0.0,tests performed,69.44,25499881.0,3.202,37.9,15.504000000000001,10.129,44648.71,0.5,107.791,5.07,13.0,16.5,0.0,3.84,83.44,0.9390000000000001
2380,AUS,Oceania,Australia,2020-05-15,6989.0,14.0,13.286,98.0,0.0,0.14300000000000002,274.08,0.5489999999999999,0.521,3.843,0.0,0.006,40336.0,983816.0,38.580999999999996,1.5819999999999999,32367.0,1.2690000000000001,2436.226,0.0,tests performed,65.74,25499881.0,3.202,37.9,15.504000000000001,10.129,44648.71,0.5,107.791,5.07,13.0,16.5,0.0,3.84,83.44,0.9390000000000001
2381,AUS,Oceania,Australia,2020-05-16,7019.0,30.0,15.0,98.0,0.0,0.14300000000000002,275.256,1.176,0.588,3.843,0.0,0.006,31836.0,1015652.0,39.83,1.248,31457.0,1.234,2097.133,0.0,tests performed,64.35,25499881.0,3.202,37.9,15.504000000000001,10.129,44648.71,0.5,107.791,5.07,13.0,16.5,0.0,3.84,83.44,0.9390000000000001
2382,AUS,Oceania,Australia,2020-05-17,7036.0,17.0,15.286,98.0,0.0,0.14300000000000002,275.923,0.667,0.599,3.843,0.0,0.006,26474.0,1042126.0,40.868,1.038,30608.0,1.2,2002.393,0.0,tests performed,64.35,25499881.0,3.202,37.9,15.504000000000001,10.129,44648.71,0.5,107.791,5.07,13.0,16.5,0.0,3.84,83.44,0.9390000000000001
2383,AUS,Oceania,Australia,2020-05-18,7045.0,9.0,14.857000000000001,98.0,0.0,0.14300000000000002,276.276,0.353,0.583,3.843,0.0,0.006,19908.0,1062034.0,41.648999999999994,0.7809999999999999,29559.0,1.159,1989.548,0.001,tests performed,67.13,25499881.0,3.202,37.9,15.504000000000001,10.129,44648.71,0.5,107.791,5.07,13.0,16.5,0.0,3.84,83.44,0.9390000000000001
2384,AUS,Oceania,Australia,2020-05-19,7060.0,15.0,16.0,99.0,1.0,0.28600000000000003,276.86400000000003,0.588,0.627,3.8819999999999997,0.039,0.011000000000000001,23836.0,1085870.0,42.583,0.935,29706.0,1.165,1856.625,0.001,tests performed,67.13,25499881.0,3.202,37.9,15.504000000000001,10.129,44648.71,0.5,107.791,5.07,13.0,16.5,0.0,3.84,83.44,0.9390000000000001
2385,AUS,Oceania,Australia,2020-05-20,7068.0,8.0,14.857000000000001,99.0,0.0,0.28600000000000003,277.178,0.314,0.583,3.8819999999999997,0.0,0.011000000000000001,25697.0,1111567.0,43.591,1.008,28935.0,1.135,1947.548,0.001,tests performed,67.13,25499881.0,3.202,37.9,15.504000000000001,10.129,44648.71,0.5,107.791,5.07,13.0,16.5,0.0,3.84,83.44,0.9390000000000001
2386,AUS,Oceania,Australia,2020-05-21,7079.0,11.0,14.857000000000001,100.0,1.0,0.28600000000000003,277.60900000000004,0.431,0.583,3.9219999999999997,0.039,0.011000000000000001,26117.0,1137684.0,44.615,1.024,27743.0,1.088,1867.317,0.001,tests performed,67.13,25499881.0,3.202,37.9,15.504000000000001,10.129,44648.71,0.5,107.791,5.07,13.0,16.5,0.0,3.84,83.44,0.9390000000000001
2387,AUS,Oceania,Australia,2020-05-22,7081.0,2.0,13.142999999999999,100.0,0.0,0.28600000000000003,277.688,0.078,0.515,3.9219999999999997,0.0,0.011000000000000001,32998.0,1170682.0,45.909,1.294,26695.0,1.047,2031.141,0.0,tests performed,67.13,25499881.0,3.202,37.9,15.504000000000001,10.129,44648.71,0.5,107.791,5.07,13.0,16.5,0.0,3.84,83.44,0.9390000000000001
2388,AUS,Oceania,Australia,2020-05-23,7095.0,14.0,10.857000000000001,101.0,1.0,0.429,278.237,0.5489999999999999,0.426,3.9610000000000003,0.039,0.017,21580.0,1192262.0,46.756,0.846,25230.0,0.9890000000000001,2323.8160000000007,0.0,tests performed,67.13,25499881.0,3.202,37.9,15.504000000000001,10.129,44648.71,0.5,107.791,5.07,13.0,16.5,0.0,3.84,83.44,0.9390000000000001
2389,AUS,Oceania,Australia,2020-05-24,7106.0,11.0,10.0,102.0,1.0,0.5710000000000001,278.668,0.431,0.392,4.0,0.039,0.022000000000000002,32533.0,1224795.0,48.031000000000006,1.276,26096.0,1.023,2609.6,0.0,tests performed,67.13,25499881.0,3.202,37.9,15.504000000000001,10.129,44648.71,0.5,107.791,5.07,13.0,16.5,0.0,3.84,83.44,0.9390000000000001
2390,AUS,Oceania,Australia,2020-05-25,7109.0,3.0,9.142999999999999,102.0,0.0,0.5710000000000001,278.786,0.11800000000000001,0.359,4.0,0.0,0.022000000000000002,19405.0,1244200.0,48.792,0.7609999999999999,26024.0,1.021,2846.375,0.0,tests performed,65.28,25499881.0,3.202,37.9,15.504000000000001,10.129,44648.71,0.5,107.791,5.07,13.0,16.5,0.0,3.84,83.44,0.9390000000000001
2391,AUS,Oceania,Australia,2020-05-26,7118.0,9.0,8.286,102.0,0.0,0.429,279.139,0.353,0.325,4.0,0.0,0.017,44023.0,1288223.0,50.519,1.726,28908.0,1.1340000000000001,3488.897,0.0,tests performed,65.28,25499881.0,3.202,37.9,15.504000000000001,10.129,44648.71,0.5,107.791,5.07,13.0,16.5,0.0,3.84,83.44,0.9390000000000001
2392,AUS,Oceania,Australia,2020-05-27,7133.0,15.0,9.286,102.0,0.0,0.429,279.72700000000003,0.588,0.364,4.0,0.0,0.017,50098.0,1338321.0,52.483000000000004,1.965,32393.0,1.27,3488.4770000000008,0.0,tests performed,65.28,25499881.0,3.202,37.9,15.504000000000001,10.129,44648.71,0.5,107.791,5.07,13.0,16.5,0.0,3.84,83.44,0.9390000000000001
2393,AUS,Oceania,Australia,2020-05-28,7139.0,6.0,8.571,102.0,0.0,0.28600000000000003,279.962,0.235,0.336,4.0,0.0,0.011000000000000001,29123.0,1367444.0,53.626000000000005,1.1420000000000001,32823.0,1.287,3829.35,0.0,tests performed,65.28,25499881.0,3.202,37.9,15.504000000000001,10.129,44648.71,0.5,107.791,5.07,13.0,16.5,0.0,3.84,83.44,0.9390000000000001
2394,AUS,Oceania,Australia,2020-05-29,7150.0,11.0,9.857000000000001,102.0,0.0,0.28600000000000003,280.393,0.431,0.387,4.0,0.0,0.011000000000000001,30178.0,1397622.0,54.809,1.183,32420.0,1.271,3288.986,0.0,tests performed,63.43,25499881.0,3.202,37.9,15.504000000000001,10.129,44648.71,0.5,107.791,5.07,13.0,16.5,0.0,3.84,83.44,0.9390000000000001
2395,AUS,Oceania,Australia,2020-05-30,7173.0,23.0,11.142999999999999,102.0,0.0,0.14300000000000002,281.295,0.902,0.43700000000000006,4.0,0.0,0.006,30916.0,1428538.0,56.021,1.212,33754.0,1.324,3029.205,0.0,tests performed,63.43,25499881.0,3.202,37.9,15.504000000000001,10.129,44648.71,0.5,107.791,5.07,13.0,16.5,0.0,3.84,83.44,0.9390000000000001
2396,AUS,Oceania,Australia,2020-05-31,7185.0,12.0,11.286,102.0,0.0,0.0,281.76599999999996,0.47100000000000003,0.44299999999999995,4.0,0.0,0.0,26030.0,1454568.0,57.042,1.021,32825.0,1.287,2908.544000000001,0.0,tests performed,63.43,25499881.0,3.202,37.9,15.504000000000001,10.129,44648.71,0.5,107.791,5.07,13.0,16.5,0.0,3.84,83.44,0.9390000000000001
2397,AUS,Oceania,Australia,2020-06-01,7195.0,10.0,12.286,102.0,0.0,0.0,282.158,0.392,0.48200000000000004,4.0,0.0,0.0,17652.0,1472220.0,57.733999999999995,0.6920000000000001,32574.0,1.2770000000000001,2651.3720000000008,0.0,tests performed,62.04,25499881.0,3.202,37.9,15.504000000000001,10.129,44648.71,0.5,107.791,5.07,13.0,16.5,0.0,3.84,83.44,0.9390000000000001
2398,AUS,Oceania,Australia,2020-06-02,7204.0,9.0,12.286,102.0,0.0,0.0,282.51099999999997,0.353,0.48200000000000004,4.0,0.0,0.0,18167.0,1490387.0,58.446999999999996,0.7120000000000001,28881.0,1.133,2350.779,0.0,tests performed,62.04,25499881.0,3.202,37.9,15.504000000000001,10.129,44648.71,0.5,107.791,5.07,13.0,16.5,0.0,3.84,83.44,0.9390000000000001
2399,AUS,Oceania,Australia,2020-06-03,7221.0,17.0,12.571,102.0,0.0,0.0,283.178,0.667,0.493,4.0,0.0,0.0,22313.0,1512700.0,59.321999999999996,0.875,24911.0,0.977,1981.557,0.001,tests performed,62.04,25499881.0,3.202,37.9,15.504000000000001,10.129,44648.71,0.5,107.791,5.07,13.0,16.5,0.0,3.84,83.44,0.9390000000000001
2400,AUS,Oceania,Australia,2020-06-04,7229.0,8.0,12.857000000000001,102.0,0.0,0.0,283.492,0.314,0.504,4.0,0.0,0.0,33629.0,1546329.0,60.641000000000005,1.319,25555.0,1.002,1987.611,0.001,tests performed,62.04,25499881.0,3.202,37.9,15.504000000000001,10.129,44648.71,0.5,107.791,5.07,13.0,16.5,0.0,3.84,83.44,0.9390000000000001
2401,AUS,Oceania,Australia,2020-06-05,7240.0,11.0,12.857000000000001,102.0,0.0,0.0,283.923,0.431,0.504,4.0,0.0,0.0,32863.0,1579192.0,61.928999999999995,1.2890000000000001,25939.0,1.0170000000000001,2017.478,0.0,tests performed,62.04,25499881.0,3.202,37.9,15.504000000000001,10.129,44648.71,0.5,107.791,5.07,13.0,16.5,0.0,3.84,83.44,0.9390000000000001
2402,AUS,Oceania,Australia,2020-06-06,7251.0,11.0,11.142999999999999,102.0,0.0,0.0,284.35400000000004,0.431,0.43700000000000006,4.0,0.0,0.0,11396.0,1590588.0,62.376000000000005,0.447,23150.0,0.9079999999999999,2077.564,0.0,tests performed,62.04,25499881.0,3.202,37.9,15.504000000000001,10.129,44648.71,0.5,107.791,5.07,13.0,16.5,0.0,3.84,83.44,0.9390000000000001
2403,AUS,Oceania,Australia,2020-06-07,7255.0,4.0,10.0,102.0,0.0,0.0,284.51099999999997,0.157,0.392,4.0,0.0,0.0,26874.0,1617462.0,63.43,1.054,23271.0,0.9129999999999999,2327.1,0.0,tests performed,62.04,25499881.0,3.202,37.9,15.504000000000001,10.129,44648.71,0.5,107.791,5.07,13.0,16.5,0.0,3.84,83.44,0.9390000000000001
2404,AUS,Oceania,Australia,2020-06-08,7260.0,5.0,9.286,102.0,0.0,0.0,284.707,0.196,0.364,4.0,0.0,0.0,16053.0,1633515.0,64.06,0.63,23042.0,0.904,2481.446,0.0,tests performed,62.04,25499881.0,3.202,37.9,15.504000000000001,10.129,44648.71,0.5,107.791,5.07,13.0,16.5,0.0,3.84,83.44,0.9390000000000001
2405,AUS,Oceania,Australia,2020-06-09,7265.0,5.0,8.714,102.0,0.0,0.0,284.903,0.196,0.342,4.0,0.0,0.0,17169.0,1650684.0,64.733,0.6729999999999999,22900.0,0.898,2627.869,0.0,tests performed,56.48,25499881.0,3.202,37.9,15.504000000000001,10.129,44648.71,0.5,107.791,5.07,13.0,16.5,0.0,3.84,83.44,0.9390000000000001
2406,AUS,Oceania,Australia,2020-06-10,7267.0,2.0,6.571000000000001,102.0,0.0,0.0,284.982,0.078,0.258,4.0,0.0,0.0,29270.0,1679954.0,65.881,1.148,23893.0,0.937,3635.891,0.0,tests performed,56.48,25499881.0,3.202,37.9,15.504000000000001,10.129,44648.71,0.5,107.791,5.07,13.0,16.5,0.0,3.84,83.44,0.9390000000000001
2407,AUS,Oceania,Australia,2020-06-11,7276.0,9.0,6.7139999999999995,102.0,0.0,0.0,285.335,0.353,0.263,4.0,0.0,0.0,31269.0,1711223.0,67.107,1.226,23556.0,0.924,3508.34,0.0,tests performed,56.48,25499881.0,3.202,37.9,15.504000000000001,10.129,44648.71,0.5,107.791,5.07,13.0,16.5,0.0,3.84,83.44,0.9390000000000001
2408,AUS,Oceania,Australia,2020-06-12,7285.0,9.0,6.428999999999999,102.0,0.0,0.0,285.688,0.353,0.252,4.0,0.0,0.0,34327.0,1745550.0,68.453,1.3459999999999999,23765.0,0.932,3696.778,0.0,tests performed,46.76,25499881.0,3.202,37.9,15.504000000000001,10.129,44648.71,0.5,107.791,5.07,13.0,16.5,0.0,3.84,83.44,0.9390000000000001
2409,AUS,Oceania,Australia,2020-06-13,7290.0,5.0,5.571000000000001,102.0,0.0,0.0,285.884,0.196,0.218,4.0,0.0,0.0,37101.0,1782651.0,69.908,1.455,27438.0,1.0759999999999998,4924.769,0.0,tests performed,46.76,25499881.0,3.202,37.9,15.504000000000001,10.129,44648.71,0.5,107.791,5.07,13.0,16.5,0.0,3.84,83.44,0.9390000000000001
2410,AUS,Oceania,Australia,2020-06-14,7302.0,12.0,6.7139999999999995,102.0,0.0,0.0,286.35400000000004,0.47100000000000003,0.263,4.0,0.0,0.0,29702.0,1812353.0,71.07300000000001,1.165,27842.0,1.092,4146.681,0.0,tests performed,46.76,25499881.0,3.202,37.9,15.504000000000001,10.129,44648.71,0.5,107.791,5.07,13.0,16.5,0.0,3.84,83.44,0.9390000000000001
2411,AUS,Oceania,Australia,2020-06-15,7320.0,18.0,8.571,102.0,0.0,0.0,287.06,0.706,0.336,4.0,0.0,0.0,15796.0,1828149.0,71.692,0.619,27805.0,1.09,3243.917,0.0,tests performed,46.76,25499881.0,3.202,37.9,15.504000000000001,10.129,44648.71,0.5,107.791,5.07,13.0,16.5,0.0,3.84,83.44,0.9390000000000001
2412,AUS,Oceania,Australia,2020-06-16,7335.0,15.0,10.0,102.0,0.0,0.0,287.64799999999997,0.588,0.392,4.0,0.0,0.0,20198.0,1848347.0,72.485,0.792,28238.0,1.107,2823.8,0.0,tests performed,46.76,25499881.0,3.202,37.9,15.504000000000001,10.129,44648.71,0.5,107.791,5.07,13.0,16.5,0.0,3.84,83.44,0.9390000000000001
2413,AUS,Oceania,Australia,2020-06-17,7347.0,12.0,11.429,102.0,0.0,0.0,288.119,0.47100000000000003,0.44799999999999995,4.0,0.0,0.0,27770.0,1876117.0,73.574,1.089,28023.0,1.099,2452.012,0.0,tests performed,46.76,25499881.0,3.202,37.9,15.504000000000001,10.129,44648.71,0.5,107.791,5.07,13.0,16.5,0.0,3.84,83.44,0.9390000000000001
2414,AUS,Oceania,Australia,2020-06-18,7370.0,23.0,13.429,102.0,0.0,0.0,289.02099999999996,0.902,0.527,4.0,0.0,0.0,51380.0,1927497.0,75.58800000000001,2.015,30896.0,1.212,2300.766,0.0,tests performed,46.76,25499881.0,3.202,37.9,15.504000000000001,10.129,44648.71,0.5,107.791,5.07,13.0,16.5,0.0,3.84,83.44,0.9390000000000001
2415,AUS,Oceania,Australia,2020-06-19,7391.0,21.0,15.142999999999999,102.0,0.0,0.0,289.844,0.8240000000000001,0.594,4.0,0.0,0.0,42708.0,1970205.0,77.263,1.675,32094.0,1.2590000000000001,2119.415,0.0,tests performed,46.76,25499881.0,3.202,37.9,15.504000000000001,10.129,44648.71,0.5,107.791,5.07,13.0,16.5,0.0,3.84,83.44,0.9390000000000001
2416,AUS,Oceania,Australia,2020-06-20,7409.0,18.0,17.0,102.0,0.0,0.0,290.55,0.706,0.667,4.0,0.0,0.0,35173.0,2005378.0,78.643,1.379,31818.0,1.248,1871.647,0.001,tests performed,46.76,25499881.0,3.202,37.9,15.504000000000001,10.129,44648.71,0.5,107.791,5.07,13.0,16.5,0.0,3.84,83.44,0.9390000000000001
2417,AUS,Oceania,Australia,2020-06-21,7436.0,27.0,19.143,102.0,0.0,0.0,291.60900000000004,1.0590000000000002,0.7509999999999999,4.0,0.0,0.0,35946.0,2041324.0,80.05199999999999,1.41,32710.0,1.2830000000000001,1708.731,0.001,tests performed,46.76,25499881.0,3.202,37.9,15.504000000000001,10.129,44648.71,0.5,107.791,5.07,13.0,16.5,0.0,3.84,83.44,0.9390000000000001
2418,AUS,Oceania,Australia,2020-06-22,7461.0,25.0,20.143,102.0,0.0,0.0,292.59,0.98,0.79,4.0,0.0,0.0,66525.0,2107849.0,82.661,2.609,39957.0,1.567,1983.681,0.001,tests performed,46.76,25499881.0,3.202,37.9,15.504000000000001,10.129,44648.71,0.5,107.791,5.07,13.0,16.5,0.0,3.84,83.44,0.9390000000000001
2419,AUS,Oceania,Australia,2020-06-23,7474.0,13.0,19.857,102.0,0.0,0.0,293.099,0.51,0.779,4.0,0.0,0.0,24972.0,2132821.0,83.64,0.9790000000000001,40639.0,1.594,2046.568,0.0,tests performed,52.31,25499881.0,3.202,37.9,15.504000000000001,10.129,44648.71,0.5,107.791,5.07,13.0,16.5,0.0,3.84,83.44,0.9390000000000001
2420,AUS,Oceania,Australia,2020-06-24,7492.0,18.0,20.714000000000002,102.0,0.0,0.0,293.805,0.706,0.812,4.0,0.0,0.0,47603.0,2180424.0,85.507,1.867,43472.0,1.705,2098.648,0.0,tests performed,52.31,25499881.0,3.202,37.9,15.504000000000001,10.129,44648.71,0.5,107.791,5.07,13.0,16.5,0.0,3.84,83.44,0.9390000000000001
2421,AUS,Oceania,Australia,2020-06-25,7521.0,29.0,21.570999999999998,103.0,1.0,0.14300000000000002,294.943,1.137,0.846,4.039,0.039,0.006,51917.0,2232341.0,87.54299999999999,2.036,43549.0,1.7080000000000002,2018.828,0.0,tests performed,52.31,25499881.0,3.202,37.9,15.504000000000001,10.129,44648.71,0.5,107.791,5.07,13.0,16.5,0.0,3.84,83.44,0.9390000000000001
2422,AUS,Oceania,Australia,2020-06-26,7558.0,37.0,23.857,104.0,1.0,0.28600000000000003,296.394,1.4509999999999998,0.9359999999999999,4.078,0.039,0.011000000000000001,49498.0,2281839.0,89.484,1.9409999999999998,44519.0,1.746,1866.066,0.001,tests performed,52.31,25499881.0,3.202,37.9,15.504000000000001,10.129,44648.71,0.5,107.791,5.07,13.0,16.5,0.0,3.84,83.44,0.9390000000000001
2423,AUS,Oceania,Australia,2020-06-27,7595.0,37.0,26.570999999999998,104.0,0.0,0.28600000000000003,297.845,1.4509999999999998,1.042,4.078,0.0,0.011000000000000001,54222.0,2336061.0,91.611,2.126,47240.0,1.8530000000000002,1777.849,0.001,tests performed,52.31,25499881.0,3.202,37.9,15.504000000000001,10.129,44648.71,0.5,107.791,5.07,13.0,16.5,0.0,3.84,83.44,0.9390000000000001
2424,AUS,Oceania,Australia,2020-06-28,7641.0,46.0,29.285999999999998,104.0,0.0,0.28600000000000003,299.64799999999997,1.804,1.148,4.078,0.0,0.011000000000000001,43114.0,2379175.0,93.301,1.6909999999999998,48264.0,1.893,1648.039,0.001,tests performed,52.31,25499881.0,3.202,37.9,15.504000000000001,10.129,44648.71,0.5,107.791,5.07,13.0,16.5,0.0,3.84,83.44,0.9390000000000001
2425,AUS,Oceania,Australia,2020-06-29,7686.0,45.0,32.143,104.0,0.0,0.28600000000000003,301.413,1.765,1.261,4.078,0.0,0.011000000000000001,36520.0,2415695.0,94.734,1.432,43978.0,1.725,1368.204,0.001,tests performed,52.31,25499881.0,3.202,37.9,15.504000000000001,10.129,44648.71,0.5,107.791,5.07,13.0,16.5,0.0,3.84,83.44,0.9390000000000001
2426,AUS,Oceania,Australia,2020-06-30,7767.0,81.0,41.857,104.0,0.0,0.28600000000000003,304.59,3.176,1.641,4.078,0.0,0.011000000000000001,40287.0,2455982.0,96.31299999999999,1.58,46166.0,1.81,1102.942,0.001,tests performed,52.31,25499881.0,3.202,37.9,15.504000000000001,10.129,44648.71,0.5,107.791,5.07,13.0,16.5,0.0,3.84,83.44,0.9390000000000001
2427,AUS,Oceania,Australia,2020-07-01,7834.0,67.0,48.857,104.0,0.0,0.28600000000000003,307.217,2.627,1.916,4.078,0.0,0.011000000000000001,49941.0,2505923.0,98.272,1.9580000000000002,46500.0,1.824,951.754,0.001,tests performed,68.98,25499881.0,3.202,37.9,15.504000000000001,10.129,44648.71,0.5,107.791,5.07,13.0,16.5,0.0,3.84,83.44,0.9390000000000001
2428,AUS,Oceania,Australia,2020-07-02,7920.0,86.0,57.0,104.0,0.0,0.14300000000000002,310.59,3.373,2.235,4.078,0.0,0.006,57859.0,2563782.0,100.541,2.269,47349.0,1.857,830.684,0.001,tests performed,68.98,25499881.0,3.202,37.9,15.504000000000001,10.129,44648.71,0.5,107.791,5.07,13.0,16.5,0.0,3.84,83.44,0.9390000000000001
2429,AUS,Oceania,Australia,2020-07-03,8001.0,81.0,63.286,104.0,0.0,0.0,313.76599999999996,3.176,2.4819999999999998,4.078,0.0,0.0,54078.0,2617860.0,102.662,2.121,48003.0,1.882,758.512,0.001,tests performed,68.98,25499881.0,3.202,37.9,15.504000000000001,10.129,44648.71,0.5,107.791,5.07,13.0,16.5,0.0,3.84,83.44,0.9390000000000001
2430,AUS,Oceania,Australia,2020-07-04,8255.0,254.0,94.286,104.0,0.0,0.0,323.72700000000003,9.961,3.697,4.078,0.0,0.0,50176.0,2668036.0,104.62899999999999,1.9680000000000002,47425.0,1.86,502.992,0.002,tests performed,68.98,25499881.0,3.202,37.9,15.504000000000001,10.129,44648.71,0.5,107.791,5.07,13.0,16.5,0.0,3.84,83.44,0.9390000000000001
2431,AUS,Oceania,Australia,2020-07-05,8362.0,107.0,103.0,104.0,0.0,0.0,327.923,4.196000000000001,4.039,4.078,0.0,0.0,45399.0,2713435.0,106.41,1.78,47751.0,1.8730000000000002,463.602,0.002,tests performed,68.98,25499881.0,3.202,37.9,15.504000000000001,10.129,44648.71,0.5,107.791,5.07,13.0,16.5,0.0,3.84,83.44,0.9390000000000001
2432,AUS,Oceania,Australia,2020-07-06,8449.0,87.0,109.0,104.0,0.0,0.0,331.335,3.412,4.275,4.078,0.0,0.0,45730.0,2759165.0,108.20299999999999,1.7930000000000001,49067.0,1.9240000000000002,450.156,0.002,tests performed,68.98,25499881.0,3.202,37.9,15.504000000000001,10.129,44648.71,0.5,107.791,5.07,13.0,16.5,0.0,3.84,83.44,0.9390000000000001
2433,AUS,Oceania,Australia,2020-07-07,8586.0,137.0,117.0,106.0,2.0,0.28600000000000003,336.707,5.372999999999999,4.588,4.157,0.078,0.011000000000000001,41942.0,2801107.0,109.848,1.645,49304.0,1.933,421.402,0.002,tests performed,68.98,25499881.0,3.202,37.9,15.504000000000001,10.129,44648.71,0.5,107.791,5.07,13.0,16.5,0.0,3.84,83.44,0.9390000000000001
2434,AUS,Oceania,Australia,2020-07-08,8755.0,169.0,131.571,106.0,0.0,0.28600000000000003,343.335,6.627000000000001,5.16,4.157,0.0,0.011000000000000001,55299.0,2856406.0,112.016,2.169,50069.0,1.963,380.546,0.003,tests performed,75.46,25499881.0,3.202,37.9,15.504000000000001,10.129,44648.71,0.5,107.791,5.07,13.0,16.5,0.0,3.84,83.44,0.9390000000000001
2435,AUS,Oceania,Australia,2020-07-09,8886.0,131.0,138.0,106.0,0.0,0.28600000000000003,348.472,5.1370000000000005,5.412000000000001,4.157,0.0,0.011000000000000001,54425.0,2910831.0,114.15100000000001,2.134,49578.0,1.944,359.261,0.003,tests performed,75.46,25499881.0,3.202,37.9,15.504000000000001,10.129,44648.71,0.5,107.791,5.07,13.0,16.5,0.0,3.84,83.44,0.9390000000000001
2436,AUS,Oceania,Australia,2020-07-10,9059.0,173.0,151.143,106.0,0.0,0.28600000000000003,355.25699999999995,6.784,5.9270000000000005,4.157,0.0,0.011000000000000001,59437.0,2970268.0,116.48200000000001,2.331,50344.0,1.974,333.089,0.003,tests performed,75.46,25499881.0,3.202,37.9,15.504000000000001,10.129,44648.71,0.5,107.791,5.07,13.0,16.5,0.0,3.84,83.44,0.9390000000000001
2437,AUS,Oceania,Australia,2020-07-11,9359.0,300.0,157.714,106.0,0.0,0.28600000000000003,367.02099999999996,11.765,6.185,4.157,0.0,0.011000000000000001,51225.0,3021493.0,118.49,2.009,50494.0,1.98,320.161,0.003,tests performed,75.46,25499881.0,3.202,37.9,15.504000000000001,10.129,44648.71,0.5,107.791,5.07,13.0,16.5,0.0,3.84,83.44,0.9390000000000001
2438,AUS,Oceania,Australia,2020-07-12,9553.0,194.0,170.143,107.0,1.0,0.429,374.629,7.608,6.672000000000001,4.196000000000001,0.039,0.017,53995.0,3075488.0,120.60799999999999,2.117,51722.0,2.028,303.992,0.003,tests performed,75.46,25499881.0,3.202,37.9,15.504000000000001,10.129,44648.71,0.5,107.791,5.07,13.0,16.5,0.0,3.84,83.44,0.9390000000000001
2439,AUS,Oceania,Australia,2020-07-13,9797.0,244.0,192.571,108.0,1.0,0.5710000000000001,384.19800000000004,9.568999999999999,7.5520000000000005,4.235,0.039,0.022000000000000002,42300.0,3117788.0,122.26700000000001,1.659,51232.0,2.009,266.04200000000003,0.004,tests performed,71.76,25499881.0,3.202,37.9,15.504000000000001,10.129,44648.71,0.5,107.791,5.07,13.0,16.5,0.0,3.84,83.44,0.9390000000000001
2440,AUS,Oceania,Australia,2020-07-14,9980.0,183.0,199.143,108.0,0.0,0.28600000000000003,391.374,7.1770000000000005,7.81,4.235,0.0,0.011000000000000001,44449.0,3162237.0,124.01,1.743,51590.0,2.023,259.06,0.004,tests performed,71.76,25499881.0,3.202,37.9,15.504000000000001,10.129,44648.71,0.5,107.791,5.07,13.0,16.5,0.0,3.84,83.44,0.9390000000000001
2441,AUS,Oceania,Australia,2020-07-15,10251.0,271.0,213.71400000000003,108.0,0.0,0.28600000000000003,402.00199999999995,10.628,8.381,4.235,0.0,0.011000000000000001,59904.0,3222141.0,126.359,2.349,52248.0,2.049,244.476,0.004,tests performed,71.76,25499881.0,3.202,37.9,15.504000000000001,10.129,44648.71,0.5,107.791,5.07,13.0,16.5,0.0,3.84,83.44,0.9390000000000001
2442,AUS,Oceania,Australia,2020-07-16,10495.0,244.0,229.857,111.0,3.0,0.7140000000000001,411.57099999999997,9.568999999999999,9.014,4.353,0.11800000000000001,0.027999999999999997,65575.0,3287716.0,128.931,2.572,53841.0,2.1109999999999998,234.237,0.004,tests performed,68.06,25499881.0,3.202,37.9,15.504000000000001,10.129,44648.71,0.5,107.791,5.07,13.0,16.5,0.0,3.84,83.44,0.9390000000000001
2443,AUS,Oceania,Australia,2020-07-17,10810.0,315.0,250.143,113.0,2.0,1.0,423.92400000000004,12.353,9.81,4.431,0.078,0.039,62728.0,3350444.0,131.391,2.46,54311.0,2.13,217.12,0.005,tests performed,68.06,25499881.0,3.202,37.9,15.504000000000001,10.129,44648.71,0.5,107.791,5.07,13.0,16.5,0.0,3.84,83.44,0.9390000000000001
2444,AUS,Oceania,Australia,2020-07-18,11235.0,425.0,268.0,116.0,3.0,1.429,440.59,16.667,10.51,4.5489999999999995,0.11800000000000001,0.055999999999999994,63387.0,3413831.0,133.876,2.4859999999999998,56048.0,2.198,209.134,0.005,tests performed,68.06,25499881.0,3.202,37.9,15.504000000000001,10.129,44648.71,0.5,107.791,5.07,13.0,16.5,0.0,3.84,83.44,0.9390000000000001
2445,AUS,Oceania,Australia,2020-07-19,11441.0,206.0,269.714,118.0,2.0,1.571,448.66900000000004,8.078,10.577,4.627,0.078,0.062,62632.0,3476463.0,136.333,2.456,57282.0,2.246,212.38,0.005,tests performed,68.06,25499881.0,3.202,37.9,15.504000000000001,10.129,44648.71,0.5,107.791,5.07,13.0,16.5,0.0,3.84,83.44,0.9390000000000001
2446,AUS,Oceania,Australia,2020-07-20,11802.0,361.0,286.42900000000003,122.0,4.0,2.0,462.82599999999996,14.157,11.232999999999999,4.784,0.157,0.078,57962.0,3534425.0,138.606,2.273,59520.0,2.334,207.8,0.005,tests performed,68.06,25499881.0,3.202,37.9,15.504000000000001,10.129,44648.71,0.5,107.791,5.07,13.0,16.5,0.0,3.84,83.44,0.9390000000000001
2447,AUS,Oceania,Australia,2020-07-21,12069.0,267.0,298.42900000000003,123.0,1.0,2.1430000000000002,473.296,10.470999999999998,11.703,4.824,0.039,0.084,56310.0,3590735.0,140.814,2.208,61214.0,2.401,205.121,0.005,tests performed,68.06,25499881.0,3.202,37.9,15.504000000000001,10.129,44648.71,0.5,107.791,5.07,13.0,16.5,0.0,3.84,83.44,0.9390000000000001
2448,AUS,Oceania,Australia,2020-07-22,12428.0,359.0,311.0,126.0,3.0,2.571,487.375,14.078,12.196,4.941,0.11800000000000001,0.10099999999999999,59794.0,3650529.0,143.159,2.345,61198.0,2.4,196.778,0.005,tests performed,68.06,25499881.0,3.202,37.9,15.504000000000001,10.129,44648.71,0.5,107.791,5.07,13.0,16.5,0.0,3.84,83.44,0.9390000000000001
2449,AUS,Oceania,Australia,2020-07-23,12896.0,468.0,343.0,128.0,2.0,2.4290000000000003,505.728,18.352999999999998,13.450999999999999,5.02,0.078,0.095,69308.0,3719837.0,145.877,2.718,61732.0,2.421,179.977,0.006,tests performed,68.06,25499881.0,3.202,37.9,15.504000000000001,10.129,44648.71,0.5,107.791,5.07,13.0,16.5,0.0,3.84,83.44,0.9390000000000001
2450,AUS,Oceania,Australia,2020-07-24,13306.0,410.0,356.57099999999997,133.0,5.0,2.8569999999999998,521.806,16.079,13.982999999999999,5.216,0.196,0.11199999999999999,75584.0,3795421.0,148.841,2.964,63568.0,2.4930000000000003,178.27599999999995,0.006,tests performed,68.06,25499881.0,3.202,37.9,15.504000000000001,10.129,44648.71,0.5,107.791,5.07,13.0,16.5,0.0,3.84,83.44,0.9390000000000001
2451,AUS,Oceania,Australia,2020-07-25,13595.0,289.0,337.14300000000003,139.0,6.0,3.286,533.14,11.333,13.220999999999998,5.4510000000000005,0.235,0.129,64084.0,3859505.0,151.35399999999998,2.513,63668.0,2.497,188.846,0.005,tests performed,68.06,25499881.0,3.202,37.9,15.504000000000001,10.129,44648.71,0.5,107.791,5.07,13.0,16.5,0.0,3.84,83.44,0.9390000000000001
2452,AUS,Oceania,Australia,2020-07-26,13950.0,355.0,358.42900000000003,145.0,6.0,3.8569999999999998,547.061,13.922,14.056,5.686,0.235,0.151,75619.0,3935124.0,154.319,2.965,65523.0,2.57,182.806,0.005,tests performed,68.06,25499881.0,3.202,37.9,15.504000000000001,10.129,44648.71,0.5,107.791,5.07,13.0,16.5,0.0,3.84,83.44,0.9390000000000001
2453,AUS,Oceania,Australia,2020-07-27,14403.0,453.0,371.57099999999997,155.0,10.0,4.7139999999999995,564.826,17.765,14.571,6.077999999999999,0.392,0.185,51966.0,3987090.0,156.357,2.0380000000000003,64666.0,2.536,174.03400000000005,0.006,tests performed,68.06,25499881.0,3.202,37.9,15.504000000000001,10.129,44648.71,0.5,107.791,5.07,13.0,16.5,0.0,3.84,83.44,0.9390000000000001
2454,AUS,Oceania,Australia,2020-07-28,14935.0,532.0,409.42900000000003,161.0,6.0,5.428999999999999,585.689,20.863000000000003,16.055999999999997,6.314,0.235,0.213,0.0,0.0,0.0,0.0,64562.0,2.532,157.688,0.006,tests performed,68.06,25499881.0,3.202,37.9,15.504000000000001,10.129,44648.71,0.5,107.791,5.07,13.0,16.5,0.0,3.84,83.44,0.9390000000000001
2455,AUS,Oceania,Australia,2020-07-29,15304.0,369.0,410.85699999999997,167.0,6.0,5.857,600.16,14.470999999999998,16.112000000000002,6.5489999999999995,0.235,0.23,0.0,4098249.0,160.716,0.0,63960.0,2.508,155.675,0.006,tests performed,68.06,25499881.0,3.202,37.9,15.504000000000001,10.129,44648.71,0.5,107.791,5.07,13.0,16.5,0.0,3.84,83.44,0.9390000000000001
2456,AUS,Oceania,Australia,2020-07-30,15582.0,278.0,383.714,176.0,9.0,6.857,611.062,10.902000000000001,15.048,6.902,0.353,0.26899999999999996,66205.0,4164454.0,163.313,2.596,63517.0,2.491,165.532,0.006,tests performed,68.06,25499881.0,3.202,37.9,15.504000000000001,10.129,44648.71,0.5,107.791,5.07,13.0,16.5,0.0,3.84,83.44,0.9390000000000001
2457,AUS,Oceania,Australia,2020-07-31,16303.0,721.0,428.14300000000003,189.0,13.0,8.0,639.336,28.275,16.79,7.412000000000001,0.51,0.314,0.0,0.0,0.0,0.0,62917.0,2.467,146.953,0.006999999999999999,tests performed,68.06,25499881.0,3.202,37.9,15.504000000000001,10.129,44648.71,0.5,107.791,5.07,13.0,16.5,0.0,3.84,83.44,0.9390000000000001
2458,AUS,Oceania,Australia,2020-08-01,16905.0,602.0,472.85699999999997,196.0,7.0,8.142999999999999,662.944,23.608,18.544,7.686,0.275,0.319,0.0,4307224.0,168.912,0.0,63960.0,2.508,135.263,0.006999999999999999,tests performed,68.06,25499881.0,3.202,37.9,15.504000000000001,10.129,44648.71,0.5,107.791,5.07,13.0,16.5,0.0,3.84,83.44,0.9390000000000001
2459,AUS,Oceania,Australia,2020-08-02,17282.0,377.0,476.0,200.0,4.0,7.857,677.7289999999999,14.784,18.667,7.843,0.157,0.308,39158.0,4346382.0,170.447,1.536,58751.0,2.3040000000000003,123.426,0.008,tests performed,75.46,25499881.0,3.202,37.9,15.504000000000001,10.129,44648.71,0.5,107.791,5.07,13.0,16.5,0.0,3.84,83.44,0.9390000000000001
2460,AUS,Oceania,Australia,2020-08-03,17923.0,641.0,502.85699999999997,208.0,8.0,7.571000000000001,702.8660000000001,25.136999999999997,19.72,8.157,0.314,0.297,40529.0,4386911.0,172.037,1.589,57117.0,2.24,113.585,0.009000000000000001,tests performed,79.17,25499881.0,3.202,37.9,15.504000000000001,10.129,44648.71,0.5,107.791,5.07,13.0,16.5,0.0,3.84,83.44,0.9390000000000001
2461,AUS,Oceania,Australia,2020-08-04,18318.0,395.0,483.286,221.0,13.0,8.571,718.3560000000001,15.49,18.952,8.667,0.51,0.336,94706.0,4481617.0,175.75099999999998,3.714,62707.0,2.459,129.751,0.008,tests performed,79.17,25499881.0,3.202,37.9,15.504000000000001,10.129,44648.71,0.5,107.791,5.07,13.0,16.5,0.0,3.84,83.44,0.9390000000000001
2462,AUS,Oceania,Australia,2020-08-05,18729.0,411.0,489.286,232.0,11.0,9.286,734.4739999999999,16.118,19.188,9.097999999999999,0.431,0.364,70464.0,4552081.0,178.514,2.763,64833.0,2.542,132.505,0.008,tests performed,79.17,25499881.0,3.202,37.9,15.504000000000001,10.129,44648.71,0.5,107.791,5.07,13.0,16.5,0.0,3.84,83.44,0.9390000000000001
2463,AUS,Oceania,Australia,2020-08-06,19444.0,715.0,551.714,247.0,15.0,10.142999999999999,762.513,28.039,21.636,9.686,0.588,0.39799999999999996,80008.0,4632089.0,181.65099999999998,3.138,66805.0,2.62,121.086,0.008,tests performed,79.17,25499881.0,3.202,37.9,15.504000000000001,10.129,44648.71,0.5,107.791,5.07,13.0,16.5,0.0,3.84,83.44,0.9390000000000001
2464,AUS,Oceania,Australia,2020-08-07,19862.0,418.0,508.42900000000003,255.0,8.0,9.429,778.9060000000001,16.392,19.938,10.0,0.314,0.37,91937.0,4724026.0,185.257,3.605,69741.0,2.735,137.17,0.006999999999999999,tests performed,79.17,25499881.0,3.202,37.9,15.504000000000001,10.129,44648.71,0.5,107.791,5.07,13.0,16.5,0.0,3.84,83.44,0.9390000000000001
2465,AUS,Oceania,Australia,2020-08-08,20272.0,410.0,481.0,266.0,11.0,10.0,794.9839999999999,16.079,18.863,10.431,0.431,0.392,40197.0,4764223.0,186.833,1.5759999999999998,65286.0,2.56,135.73,0.006999999999999999,tests performed,79.17,25499881.0,3.202,37.9,15.504000000000001,10.129,44648.71,0.5,107.791,5.07,13.0,16.5,0.0,3.84,83.44,0.9390000000000001
2466,AUS,Oceania,Australia,2020-08-09,20698.0,426.0,488.0,278.0,12.0,11.142999999999999,811.69,16.706,19.137,10.902000000000001,0.47100000000000003,0.43700000000000006,93191.0,4857414.0,190.488,3.655,73005.0,2.863,149.6,0.006999999999999999,tests performed,79.17,25499881.0,3.202,37.9,15.504000000000001,10.129,44648.71,0.5,107.791,5.07,13.0,16.5,0.0,3.84,83.44,0.9390000000000001
2467,AUS,Oceania,Australia,2020-08-10,21084.0,386.0,451.57099999999997,295.0,17.0,12.429,826.827,15.137,17.709,11.569,0.667,0.48700000000000004,61132.0,4918546.0,192.885,2.397,75948.0,2.978,168.18599999999995,0.006,tests performed,79.17,25499881.0,3.202,37.9,15.504000000000001,10.129,44648.71,0.5,107.791,5.07,13.0,16.5,0.0,3.84,83.44,0.9390000000000001
2468,AUS,Oceania,Australia,2020-08-11,21397.0,313.0,439.85699999999997,313.0,18.0,13.142999999999999,839.102,12.275,17.249000000000002,12.275,0.706,0.515,61626.0,4980172.0,195.30200000000002,2.417,71222.0,2.793,161.921,0.006,tests performed,79.17,25499881.0,3.202,37.9,15.504000000000001,10.129,44648.71,0.5,107.791,5.07,13.0,16.5,0.0,3.84,83.44,0.9390000000000001
2469,AUS,Oceania,Australia,2020-08-12,21713.0,316.0,426.286,331.0,18.0,14.142999999999999,851.4939999999999,12.392000000000001,16.717,12.98,0.706,0.555,61172.0,5041344.0,197.701,2.399,69895.0,2.741,163.963,0.006,tests performed,79.17,25499881.0,3.202,37.9,15.504000000000001,10.129,44648.71,0.5,107.791,5.07,13.0,16.5,0.0,3.84,83.44,0.9390000000000001
2470,AUS,Oceania,Australia,2020-08-13,22127.0,414.0,383.286,352.0,21.0,15.0,867.73,16.235,15.030999999999999,13.804,0.8240000000000001,0.588,68441.0,5109785.0,200.385,2.6839999999999997,68242.0,2.676,178.045,0.006,tests performed,79.17,25499881.0,3.202,37.9,15.504000000000001,10.129,44648.71,0.5,107.791,5.07,13.0,16.5,0.0,3.84,83.44,0.9390000000000001
2471,AUS,Oceania,Australia,2020-08-14,22358.0,231.0,356.57099999999997,361.0,9.0,15.142999999999999,876.788,9.059,13.982999999999999,14.157,0.353,0.594,70629.0,5180414.0,203.15400000000002,2.77,65198.0,2.557,182.847,0.005,tests performed,79.17,25499881.0,3.202,37.9,15.504000000000001,10.129,44648.71,0.5,107.791,5.07,13.0,16.5,0.0,3.84,83.44,0.9390000000000001
2472,AUS,Oceania,Australia,2020-08-15,22743.0,385.0,353.0,375.0,14.0,15.571,891.887,15.097999999999999,13.843,14.706,0.5489999999999999,0.611,63370.0,5243784.0,205.64,2.485,68509.0,2.687,194.076,0.005,tests performed,79.17,25499881.0,3.202,37.9,15.504000000000001,10.129,44648.71,0.5,107.791,5.07,13.0,16.5,0.0,3.84,83.44,0.9390000000000001
2473,AUS,Oceania,Australia,2020-08-16,23035.0,292.0,333.85699999999997,379.0,4.0,14.429,903.3380000000001,11.450999999999999,13.092,14.863,0.157,0.5660000000000001,53774.0,5297558.0,207.748,2.109,62878.0,2.4659999999999997,188.338,0.005,tests performed,79.17,25499881.0,3.202,37.9,15.504000000000001,10.129,44648.71,0.5,107.791,5.07,13.0,16.5,0.0,3.84,83.44,0.9390000000000001
2474,AUS,Oceania,Australia,2020-08-17,23288.0,253.0,314.857,396.0,17.0,14.429,913.2589999999999,9.922,12.347000000000001,15.529000000000002,0.667,0.5660000000000001,38539.0,5336097.0,209.26,1.511,59650.0,2.339,189.451,0.005,tests performed,79.17,25499881.0,3.202,37.9,15.504000000000001,10.129,44648.71,0.5,107.791,5.07,13.0,16.5,0.0,3.84,83.44,0.9390000000000001
2475,AUS,Oceania,Australia,2020-08-18,23599.0,311.0,314.57099999999997,421.0,25.0,15.429,925.455,12.196,12.335999999999999,16.51,0.98,0.605,44516.0,5380613.0,211.005,1.746,57206.0,2.2430000000000003,181.854,0.005,tests performed,79.17,25499881.0,3.202,37.9,15.504000000000001,10.129,44648.71,0.5,107.791,5.07,13.0,16.5,0.0,3.84,83.44,0.9390000000000001
2476,AUS,Oceania,Australia,2020-08-19,23773.0,174.0,294.286,438.0,17.0,15.286,932.279,6.824,11.540999999999999,17.177,0.667,0.599,59882.0,5440495.0,213.354,2.3480000000000003,57022.0,2.2359999999999998,193.764,0.005,tests performed,79.17,25499881.0,3.202,37.9,15.504000000000001,10.129,44648.71,0.5,107.791,5.07,13.0,16.5,0.0,3.84,83.44,0.9390000000000001
2477,AUS,Oceania,Australia,2020-08-20,23993.0,220.0,266.57099999999997,450.0,12.0,14.0,940.9060000000001,8.627,10.454,17.647000000000002,0.47100000000000003,0.5489999999999999,68336.0,5508831.0,216.03400000000002,2.68,57007.0,2.2359999999999998,213.853,0.005,tests performed,79.17,25499881.0,3.202,37.9,15.504000000000001,10.129,44648.71,0.5,107.791,5.07,13.0,16.5,0.0,3.84,83.44,0.9390000000000001
2478,AUS,Oceania,Australia,2020-08-21,24236.0,243.0,268.286,463.0,13.0,14.571,950.436,9.529,10.520999999999999,18.157,0.51,0.5710000000000001,0.0,0.0,0.0,0.0,56334.0,2.209,209.978,0.005,tests performed,79.17,25499881.0,3.202,37.9,15.504000000000001,10.129,44648.71,0.5,107.791,5.07,13.0,16.5,0.0,3.84,83.44,0.9390000000000001
2479,AUS,Oceania,Australia,2020-08-22,24407.0,171.0,237.71400000000003,472.0,9.0,13.857000000000001,957.1419999999999,6.706,9.322000000000001,18.51,0.353,0.5429999999999999,0.0,0.0,0.0,0.0,56698.0,2.2230000000000003,238.513,0.004,tests performed,79.17,25499881.0,3.202,37.9,15.504000000000001,10.129,44648.71,0.5,107.791,5.07,13.0,16.5,0.0,3.84,83.44,0.9390000000000001
2480,AUS,Oceania,Australia,2020-08-23,24602.0,195.0,223.857,485.0,13.0,15.142999999999999,964.789,7.647,8.779,19.02,0.51,0.594,0.0,5706587.0,223.78900000000002,0.0,58433.0,2.292,261.028,0.004,tests performed,79.17,25499881.0,3.202,37.9,15.504000000000001,10.129,44648.71,0.5,107.791,5.07,13.0,16.5,0.0,3.84,83.44,0.9390000000000001
2481,AUS,Oceania,Australia,2020-08-24,24812.0,210.0,217.71400000000003,502.0,17.0,15.142999999999999,973.0239999999999,8.235,8.538,19.686,0.667,0.594,51447.0,5758034.0,225.80599999999998,2.0180000000000002,60277.0,2.364,276.863,0.004,tests performed,79.17,25499881.0,3.202,37.9,15.504000000000001,10.129,44648.71,0.5,107.791,5.07,13.0,16.5,0.0,3.84,83.44,0.9390000000000001
2482,AUS,Oceania,Australia,2020-08-25,24916.0,104.0,188.143,517.0,15.0,13.714,977.1030000000001,4.078,7.377999999999999,20.275,0.588,0.5379999999999999,56675.0,5814709.0,228.02900000000002,2.2230000000000003,62014.0,2.432,329.611,0.003,tests performed,79.17,25499881.0,3.202,37.9,15.504000000000001,10.129,44648.71,0.5,107.791,5.07,13.0,16.5,0.0,3.84,83.44,0.9390000000000001
2483,AUS,Oceania,Australia,2020-08-26,25053.0,137.0,182.857,525.0,8.0,12.429,982.475,5.372999999999999,7.171,20.588,0.314,0.48700000000000004,71703.0,5886412.0,230.84099999999998,2.812,63702.0,2.498,348.37,0.003,tests performed,79.17,25499881.0,3.202,37.9,15.504000000000001,10.129,44648.71,0.5,107.791,5.07,13.0,16.5,0.0,3.84,83.44,0.9390000000000001
2484,AUS,Oceania,Australia,2020-08-27,25205.0,152.0,173.143,549.0,24.0,14.142999999999999,988.436,5.961,6.79,21.53,0.941,0.555,86268.0,5972680.0,234.22400000000002,3.383,66264.0,2.5989999999999998,382.713,0.003,tests performed,79.17,25499881.0,3.202,37.9,15.504000000000001,10.129,44648.71,0.5,107.791,5.07,13.0,16.5,0.0,3.84,83.44,0.9390000000000001
2485,AUS,Oceania,Australia,2020-08-28,25322.0,117.0,155.143,572.0,23.0,15.571,993.0239999999999,4.588,6.084,22.430999999999997,0.902,0.611,0.0,0.0,0.0,0.0,66159.0,2.594,426.439,0.002,tests performed,75.46,25499881.0,3.202,37.9,15.504000000000001,10.129,44648.71,0.5,107.791,5.07,13.0,16.5,0.0,3.84,83.44,0.9390000000000001
2486,AUS,Oceania,Australia,2020-08-29,25448.0,126.0,148.714,583.0,11.0,15.857000000000001,997.965,4.941,5.832000000000001,22.863000000000003,0.431,0.622,0.0,0.0,0.0,0.0,66054.0,2.59,444.167,0.002,tests performed,75.46,25499881.0,3.202,37.9,15.504000000000001,10.129,44648.71,0.5,107.791,5.07,13.0,16.5,0.0,3.84,83.44,0.9390000000000001
2487,AUS,Oceania,Australia,2020-08-30,25547.0,99.0,135.0,600.0,17.0,16.429000000000002,1001.8480000000001,3.8819999999999997,5.294,23.53,0.667,0.644,0.0,6168229.0,241.892,0.0,65949.0,2.5860000000000003,488.511,0.002,tests performed,75.46,25499881.0,3.202,37.9,15.504000000000001,10.129,44648.71,0.5,107.791,5.07,13.0,16.5,0.0,3.84,83.44,0.9390000000000001
2488,AUS,Oceania,Australia,2020-08-31,25670.0,123.0,122.571,611.0,11.0,15.571,1006.671,4.824,4.8069999999999995,23.961,0.431,0.611,46224.0,6214453.0,243.705,1.8130000000000002,65203.0,2.557,531.9590000000002,0.002,tests performed,75.46,25499881.0,3.202,37.9,15.504000000000001,10.129,44648.71,0.5,107.791,5.07,13.0,16.5,0.0,3.84,83.44,0.9390000000000001
2489,AUS,Oceania,Australia,2020-09-01,25746.0,76.0,118.571,652.0,41.0,19.285999999999998,1009.6519999999999,2.98,4.65,25.569000000000003,1.608,0.7559999999999999,41344.0,6255797.0,245.327,1.621,63013.0,2.471,531.435,0.002,tests performed,75.46,25499881.0,3.202,37.9,15.504000000000001,10.129,44648.71,0.5,107.791,5.07,13.0,16.5,0.0,3.84,83.44,0.9390000000000001
2490,AUS,Oceania,Australia,2020-09-02,25819.0,73.0,109.429,657.0,5.0,18.857,1012.515,2.863,4.291,25.765,0.196,0.7390000000000001,63998.0,6319795.0,247.83599999999998,2.51,61912.0,2.428,565.775,0.002,tests performed,75.46,25499881.0,3.202,37.9,15.504000000000001,10.129,44648.71,0.5,107.791,5.07,13.0,16.5,0.0,3.84,83.44,0.9390000000000001
2491,AUS,Oceania,Australia,2020-09-03,25923.0,104.0,102.571,663.0,6.0,16.285999999999998,1016.5930000000001,4.078,4.022,26.0,0.235,0.639,70983.0,6390778.0,250.62,2.784,59728.0,2.342,582.306,0.002,tests performed,75.46,25499881.0,3.202,37.9,15.504000000000001,10.129,44648.71,0.5,107.791,5.07,13.0,16.5,0.0,3.84,83.44,0.9390000000000001
2492,AUS,Oceania,Australia,2020-09-04,26049.0,126.0,103.85700000000001,678.0,15.0,15.142999999999999,1021.534,4.941,4.073,26.588,0.588,0.594,0.0,0.0,0.0,0.0,63110.0,2.475,607.6619999999998,0.002,tests performed,75.46,25499881.0,3.202,37.9,15.504000000000001,10.129,44648.71,0.5,107.791,5.07,13.0,16.5,0.0,3.84,83.44,0.9390000000000001
2493,AUS,Oceania,Australia,2020-09-05,26136.0,87.0,98.286,737.0,59.0,22.0,1024.9460000000001,3.412,3.8539999999999996,28.901999999999997,2.314,0.863,0.0,0.0,0.0,0.0,66492.0,2.608,676.5169999999998,0.001,tests performed,75.46,25499881.0,3.202,37.9,15.504000000000001,10.129,44648.71,0.5,107.791,5.07,13.0,16.5,0.0,3.84,83.44,0.9390000000000001
2494,AUS,Oceania,Australia,2020-09-06,26207.0,71.0,94.286,748.0,11.0,21.143,1027.73,2.784,3.697,29.333000000000002,0.431,0.8290000000000001,0.0,6657348.0,261.074,0.0,69874.0,2.74,741.0880000000002,0.001,tests performed,75.46,25499881.0,3.202,37.9,15.504000000000001,10.129,44648.71,0.5,107.791,5.07,13.0,16.5,0.0,3.84,83.44,0.9390000000000001
2495,AUS,Oceania,Australia,2020-09-07,26279.0,72.0,87.0,753.0,5.0,20.285999999999998,1030.5539999999999,2.824,3.412,29.53,0.196,0.7959999999999999,36086.0,6693434.0,262.48900000000003,1.415,68426.0,2.6830000000000003,786.5060000000002,0.001,tests performed,75.46,25499881.0,3.202,37.9,15.504000000000001,10.129,44648.71,0.5,107.791,5.07,13.0,16.5,0.0,3.84,83.44,0.9390000000000001
2496,AUS,Oceania,Australia,2020-09-08,26322.0,43.0,82.286,762.0,9.0,15.714,1032.24,1.686,3.227,29.881999999999998,0.353,0.616,36963.0,6730397.0,263.938,1.45,67800.0,2.659,823.9580000000002,0.001,tests performed,75.46,25499881.0,3.202,37.9,15.504000000000001,10.129,44648.71,0.5,107.791,5.07,13.0,16.5,0.0,3.84,83.44,0.9390000000000001
2497,AUS,Oceania,Australia,2020-09-09,26374.0,52.0,79.286,770.0,8.0,16.143,1034.279,2.039,3.109,30.195999999999998,0.314,0.633,58936.0,6789333.0,266.25,2.311,67077.0,2.63,846.0160000000002,0.001,tests performed,75.46,25499881.0,3.202,37.9,15.504000000000001,10.129,44648.71,0.5,107.791,5.07,13.0,16.5,0.0,3.84,83.44,0.9390000000000001
2498,AUS,Oceania,Australia,2020-09-10,26465.0,91.0,77.429,781.0,11.0,16.857,1037.848,3.569,3.036,30.628,0.431,0.6609999999999999,60098.0,6849431.0,268.606,2.3569999999999998,65522.0,2.57,846.225,0.001,tests performed,75.46,25499881.0,3.202,37.9,15.504000000000001,10.129,44648.71,0.5,107.791,5.07,13.0,16.5,0.0,3.84,83.44,0.9390000000000001
2499,AUS,Oceania,Australia,2020-09-11,26513.0,48.0,66.286,788.0,7.0,15.714,1039.73,1.882,2.5989999999999998,30.901999999999997,0.275,0.616,0.0,0.0,0.0,0.0,60764.0,2.383,916.698,0.001,tests performed,75.46,25499881.0,3.202,37.9,15.504000000000001,10.129,44648.71,0.5,107.791,5.07,13.0,16.5,0.0,3.84,83.44,0.9390000000000001
2500,AUS,Oceania,Australia,2020-09-12,26565.0,52.0,61.286,797.0,9.0,8.571,1041.77,2.039,2.403,31.255,0.353,0.336,0.0,0.0,0.0,0.0,56007.0,2.1959999999999997,913.867,0.001,tests performed,75.46,25499881.0,3.202,37.9,15.504000000000001,10.129,44648.71,0.5,107.791,5.07,13.0,16.5,0.0,3.84,83.44,0.9390000000000001
2501,AUS,Oceania,Australia,2020-09-13,26607.0,42.0,57.143,803.0,6.0,7.857,1043.417,1.6469999999999998,2.241,31.49,0.235,0.308,0.0,7016090.0,275.142,0.0,51249.0,2.01,896.8580000000002,0.001,tests performed,75.46,25499881.0,3.202,37.9,15.504000000000001,10.129,44648.71,0.5,107.791,5.07,13.0,16.5,0.0,3.84,83.44,0.9390000000000001
2502,AUS,Oceania,Australia,2020-09-14,26651.0,44.0,53.143,810.0,7.0,8.142999999999999,1045.142,1.725,2.084,31.765,0.275,0.319,30946.0,7047036.0,276.356,1.214,50515.0,1.9809999999999999,950.551,0.001,tests performed,75.46,25499881.0,3.202,37.9,15.504000000000001,10.129,44648.71,0.5,107.791,5.07,13.0,16.5,0.0,3.84,83.44,0.9390000000000001
2503,AUS,Oceania,Australia,2020-09-15,26692.0,41.0,52.857,816.0,6.0,7.7139999999999995,1046.75,1.608,2.073,32.0,0.235,0.303,29503.0,7076539.0,277.513,1.157,49449.0,1.939,935.522,0.001,tests performed,75.46,25499881.0,3.202,37.9,15.504000000000001,10.129,44648.71,0.5,107.791,5.07,13.0,16.5,0.0,3.84,83.44,0.9390000000000001
2504,AUS,Oceania,Australia,2020-09-16,26738.0,46.0,52.0,816.0,0.0,6.571000000000001,1048.5539999999999,1.804,2.039,32.0,0.0,0.258,47845.0,7124384.0,279.389,1.876,47864.0,1.8769999999999998,920.462,0.001,tests performed,75.46,25499881.0,3.202,37.9,15.504000000000001,10.129,44648.71,0.5,107.791,5.07,13.0,16.5,0.0,3.84,83.44,0.9390000000000001
2505,AUS,Oceania,Australia,2020-09-17,26779.0,41.0,44.857,824.0,8.0,6.143,1050.162,1.608,1.7590000000000001,32.314,0.314,0.24100000000000002,54357.0,7178741.0,281.52099999999996,2.1319999999999997,47044.0,1.845,1048.752,0.001,tests performed,75.46,25499881.0,3.202,37.9,15.504000000000001,10.129,44648.71,0.5,107.791,5.07,13.0,16.5,0.0,3.84,83.44,0.9390000000000001
2506,AUS,Oceania,Australia,2020-09-18,26813.0,34.0,42.857,832.0,8.0,6.2860000000000005,1051.495,1.3330000000000002,1.681,32.628,0.314,0.24600000000000002,0.0,0.0,0.0,0.0,44704.0,1.7530000000000001,1043.093,0.001,tests performed,75.46,25499881.0,3.202,37.9,15.504000000000001,10.129,44648.71,0.5,107.791,5.07,13.0,16.5,0.0,3.84,83.44,0.9390000000000001
2507,AUS,Oceania,Australia,2020-09-19,26861.0,48.0,42.286,837.0,5.0,5.7139999999999995,1053.377,1.882,1.6580000000000001,32.824,0.196,0.22399999999999998,0.0,0.0,0.0,0.0,42364.0,1.661,1001.851,0.001,tests performed,75.46,25499881.0,3.202,37.9,15.504000000000001,10.129,44648.71,0.5,107.791,5.07,13.0,16.5,0.0,3.84,83.44,0.9390000000000001
2508,AUS,Oceania,Australia,2020-09-20,26885.0,24.0,39.714,844.0,7.0,5.857,1054.319,0.941,1.557,33.098,0.275,0.23,0.0,7296252.0,286.129,0.0,40023.0,1.57,1007.773,0.001,tests performed,75.46,25499881.0,3.202,37.9,15.504000000000001,10.129,44648.71,0.5,107.791,5.07,13.0,16.5,0.0,3.84,83.44,0.9390000000000001
2509,AUS,Oceania,Australia,2020-09-21,26898.0,13.0,35.286,849.0,5.0,5.571000000000001,1054.828,0.51,1.3840000000000001,33.294000000000004,0.196,0.218,23436.0,7319688.0,287.048,0.919,38950.0,1.527,1103.846,0.001,tests performed,75.46,25499881.0,3.202,37.9,15.504000000000001,10.129,44648.71,0.5,107.791,5.07,13.0,16.5,0.0,3.84,83.44,0.9390000000000001
2510,AUS,Oceania,Australia,2020-09-22,26912.0,14.0,31.429000000000002,851.0,2.0,5.0,1055.377,0.5489999999999999,1.232,33.373000000000005,0.078,0.196,31595.0,7351283.0,288.28700000000003,1.239,39249.0,1.5390000000000001,1248.832,0.001,tests performed,75.46,25499881.0,3.202,37.9,15.504000000000001,10.129,44648.71,0.5,107.791,5.07,13.0,16.5,0.0,3.84,83.44,0.9390000000000001
2511,AUS,Oceania,Australia,2020-09-23,26942.0,30.0,29.143,854.0,3.0,5.428999999999999,1056.5539999999999,1.176,1.143,33.49,0.11800000000000001,0.213,42410.0,7393693.0,289.95,1.663,38473.0,1.5090000000000001,1320.152,0.001,tests performed,75.46,25499881.0,3.202,37.9,15.504000000000001,10.129,44648.71,0.5,107.791,5.07,13.0,16.5,0.0,3.84,83.44,0.9390000000000001
2512,AUS,Oceania,Australia,2020-09-24,26973.0,31.0,27.714000000000002,859.0,5.0,5.0,1057.77,1.216,1.087,33.686,0.196,0.196,47634.0,7441327.0,291.818,1.868,37512.0,1.4709999999999999,1353.526,0.001,tests performed,75.46,25499881.0,3.202,37.9,15.504000000000001,10.129,44648.71,0.5,107.791,5.07,13.0,16.5,0.0,3.84,83.44,0.9390000000000001
2513,AUS,Oceania,Australia,2020-09-25,26983.0,10.0,24.285999999999998,861.0,2.0,4.143,1058.162,0.392,0.9520000000000001,33.765,0.078,0.162,0.0,0.0,0.0,0.0,36912.0,1.4480000000000002,1519.906,0.001,tests performed,75.46,25499881.0,3.202,37.9,15.504000000000001,10.129,44648.71,0.5,107.791,5.07,13.0,16.5,0.0,3.84,83.44,0.9390000000000001
2514,AUS,Oceania,Australia,2020-09-26,27000.0,17.0,19.857,869.0,8.0,4.571000000000001,1058.828,0.667,0.779,34.079,0.314,0.179,0.0,0.0,0.0,0.0,36311.0,1.4240000000000002,1828.612,0.001,tests performed,75.46,25499881.0,3.202,37.9,15.504000000000001,10.129,44648.71,0.5,107.791,5.07,13.0,16.5,0.0,3.84,83.44,0.9390000000000001
2515,AUS,Oceania,Australia,2020-09-27,27016.0,16.0,18.714000000000002,870.0,1.0,3.714,1059.4560000000001,0.627,0.7340000000000001,34.118,0.039,0.146,0.0,7546223.0,295.932,0.0,35710.0,1.4,1908.168,0.001,tests performed,75.46,25499881.0,3.202,37.9,15.504000000000001,10.129,44648.71,0.5,107.791,5.07,13.0,16.5,0.0,3.84,83.44,0.9390000000000001
2516,AUS,Oceania,Australia,2020-09-28,27040.0,24.0,20.285999999999998,872.0,2.0,3.286,1060.397,0.941,0.7959999999999999,34.196,0.078,0.129,17099.0,7563322.0,296.60200000000003,0.6709999999999999,34805.0,1.365,1715.739,0.001,tests performed,68.06,25499881.0,3.202,37.9,15.504000000000001,10.129,44648.71,0.5,107.791,5.07,13.0,16.5,0.0,3.84,83.44,0.9390000000000001
2517,AUS,Oceania,Australia,2020-09-29,27044.0,4.0,18.857,875.0,3.0,3.429,1060.5539999999999,0.157,0.7390000000000001,34.314,0.11800000000000001,0.134,26010.0,7589332.0,297.622,1.02,34007.0,1.334,1803.402,0.001,tests performed,0.0,25499881.0,3.202,37.9,15.504000000000001,10.129,44648.71,0.5,107.791,5.07,13.0,16.5,0.0,3.84,83.44,0.9390000000000001
2518,AUS,Oceania,Australia,2020-09-30,27063.0,19.0,17.285999999999998,882.0,7.0,4.0,1061.299,0.745,0.6779999999999999,34.588,0.275,0.157,0.0,0.0,0.0,0.0,0.0,0.0,0.0,0.0,0,0.0,25499881.0,3.202,37.9,15.504000000000001,10.129,44648.71,0.5,107.791,5.07,13.0,16.5,0.0,3.84,83.44,0.9390000000000001
