,continent,location,total_cases,new_cases,total_deaths,new_deaths,total_cases_per_million,new_cases_per_million,total_deaths_per_million,new_deaths_per_million,positive_rate,population,median_age,aged_65_older,aged_70_older,gdp_per_capita,cardiovasc_death_rate,diabetes_prevalence,female_smokers,male_smokers,life_expectancy,human_development_index
196,North America,Aruba,3934.0,62.0,26.0,1.0,36846.936,580.7090000000001,243.523,9.366,0.0,106766.0,41.2,13.085,7.452000000000001,35973.781,0.0,11.62,0.0,0.0,76.29,0.0
471,Asia,Afghanistan,39254.0,15.0,1458.0,2.0,1008.3660000000001,0.385,37.453,0.051,0.0,38928341.0,18.6,2.5810000000000004,1.337,1803.987,597.029,9.59,0.0,0.0,64.83,0.498
664,Africa,Angola,4905.0,108.0,179.0,3.0,149.241,3.286,5.446000000000001,0.091,0.0,32866268.0,16.8,2.405,1.3619999999999999,5819.495,276.045,3.94,0.0,0.0,61.15,0.581
852,North America,Anguilla,3.0,0.0,0.0,0.0,199.97299999999998,0.0,0.0,0.0,0.0,15002.0,0.0,0.0,0.0,0.0,0.0,0.0,0.0,0.0,81.88,0.0
1058,Europe,Albania,13518.0,127.0,384.0,4.0,4697.338,44.131,133.435,1.39,0.0,2877800.0,38.0,13.187999999999999,8.642999999999999,11803.431,304.195,10.08,7.1,51.2,78.57,0.785
1265,Europe,Andorra,1966.0,0.0,53.0,0.0,25444.897,0.0,685.951,0.0,0.0,77265.0,0.0,0.0,0.0,0.0,109.135,7.97,29.0,37.8,83.73,0.858
1540,Asia,United Arab Emirates,93090.0,995.0,416.0,3.0,9412.157,100.603,42.06100000000001,0.303,0.0,9890400.0,34.0,1.1440000000000001,0.526,67293.483,317.84,17.26,1.2,37.4,77.97,0.863
1773,South America,Argentina,736596.0,13477.0,16519.0,406.0,16297.893999999998,298.192,365.499,8.982999999999999,0.0,45195777.0,31.9,11.198,7.441,18933.907,191.032,5.5,16.2,27.7,76.67,0.825
2048,Asia,Armenia,49901.0,327.0,958.0,1.0,16840.047,110.352,323.295,0.337,0.0,2963234.0,35.7,11.232000000000001,7.571000000000001,8787.58,341.01,7.11,1.5,52.1,75.09,0.755
2243,North America,Antigua and Barbuda,101.0,0.0,3.0,0.0,1031.37,0.0,30.635,0.0,0.0,97928.0,32.1,6.933,4.631,21490.943,191.511,13.17,0.0,0.0,77.02,0.78
2518,Oceania,Australia,27063.0,19.0,882.0,7.0,1061.299,0.745,34.588,0.275,0.0,25499881.0,37.9,15.504000000000001,10.129,44648.71,107.791,5.07,13.0,16.5,83.44,0.9390000000000001
2793,Europe,Austria,44607.0,722.0,796.0,6.0,4952.811,80.165,88.382,0.6659999999999999,0.037000000000000005,9006400.0,44.4,19.202,13.748,45436.685999999994,145.183,6.35,28.4,30.9,81.54,0.9079999999999999
3068,Asia,Azerbaijan,40119.0,58.0,590.0,2.0,3956.8309999999997,5.72,58.19,0.19699999999999998,0.0,10139175.0,32.4,6.018,3.8710000000000004,15847.419,559.812,7.11,0.3,42.5,73.0,0.757
3251,Africa,Burundi,506.0,4.0,1.0,0.0,42.553999999999995,0.336,0.084,0.0,0.0,11890781.0,17.5,2.562,1.504,702.225,293.068,6.05,0.0,0.0,61.58,0.41700000000000004
3526,Europe,Belgium,117021.0,15.0,10001.0,0.0,10097.056,1.294,862.928,0.0,0.0,11589616.0,41.8,18.570999999999998,12.849,42658.575999999994,114.898,4.29,25.1,31.4,81.63,0.9159999999999999
3724,Africa,Benin,2340.0,0.0,40.0,0.0,193.018,0.0,3.299,0.0,0.0,12123198.0,18.8,3.2439999999999998,1.942,2064.236,235.84799999999998,0.99,0.6,12.3,61.77,0.515
3906,North America,Bonaire Sint Eustatius and Saba,106.0,0.0,1.0,0.0,4042.5609999999997,0.0,38.137,0.0,0.0,26221.0,0.0,0.0,0.0,0.0,0.0,0.0,0.0,0.0,77.79,0.0
4108,Africa,Burkina Faso,2032.0,4.0,58.0,1.0,97.21,0.191,2.775,0.048,0.0,20903278.0,17.6,2.4090000000000003,1.358,1703.102,269.048,2.42,1.6,23.9,61.58,0.423
4319,Asia,Bangladesh,362043.0,1488.0,5219.0,26.0,2198.3379999999997,9.035,31.69,0.158,0.0,164689383.0,27.5,5.098,3.262,3523.9840000000004,298.003,8.38,1.0,44.7,72.59,0.608
4524,Europe,Bulgaria,20547.0,276.0,814.0,7.0,2957.0640000000003,39.721,117.149,1.0070000000000001,0.056,6948445.0,44.7,20.801,13.272,18563.307,424.68800000000005,5.81,30.1,44.4,75.05,0.813
4799,Asia,Bahrain,70422.0,574.0,246.0,1.0,41386.168,337.333,144.571,0.588,0.063,1701583.0,32.4,2.372,1.3869999999999998,43290.705,151.689,16.52,5.8,37.6,77.29,0.846
4996,North America,Bahamas,3903.0,65.0,91.0,2.0,9925.035,165.29,231.40599999999998,5.086,0.0,393248.0,34.3,8.996,5.2,27717.847,235.954,13.17,3.1,20.4,73.92,0.807
5200,Europe,Bosnia and Herzegovina,27222.0,225.0,836.0,14.0,8297.329,68.581,254.815,4.2669999999999995,0.0,3280815.0,42.5,16.569000000000003,10.710999999999999,11713.895,329.635,10.08,30.2,47.7,77.4,0.768
5475,Europe,Belarus,78260.0,314.0,828.0,6.0,8282.077,33.23,87.625,0.635,0.0,9449321.0,40.3,14.799000000000001,9.788,17167.967,443.129,5.18,10.5,46.1,74.79,0.8079999999999999
5666,North America,Belize,1943.0,52.0,26.0,2.0,4886.563,130.778,65.389,5.03,0.0,397621.0,25.0,3.853,2.279,7824.361999999999,176.957,17.11,0.0,0.0,74.62,0.708
5861,North America,Bermuda,181.0,0.0,9.0,0.0,2906.5570000000002,0.0,144.525,0.0,0.0,62273.0,0.0,0.0,0.0,50669.315,139.547,13.0,0.0,0.0,82.59,0.0
6064,South America,Bolivia,134641.0,333.0,7931.0,31.0,11534.367,28.526999999999997,679.429,2.656,0.0,11673029.0,25.4,6.704,4.393,6885.829000000001,204.299,6.89,0.0,0.0,71.51,0.693
6339,South America,Brazil,4777522.0,32058.0,142921.0,863.0,22476.173,150.819,672.3810000000001,4.06,0.0,212559409.0,33.5,8.552,5.06,14103.452,177.96099999999998,8.11,10.1,17.9,75.88,0.759
6536,North America,Barbados,190.0,0.0,7.0,0.0,661.166,0.0,24.359,0.0,0.0,287371.0,39.8,14.952,9.472999999999999,16978.068,170.05,13.57,1.9,14.5,79.19,0.8
6740,Asia,Brunei,146.0,0.0,3.0,0.0,333.727,0.0,6.857,0.0,0.0,437483.0,32.4,4.591,2.3819999999999997,71809.25099999999,201.285,12.79,2.0,30.9,75.86,0.853
6944,Asia,Bhutan,281.0,1.0,0.0,0.0,364.173,1.296,0.0,0.0,0.0,771612.0,28.6,4.885,2.977,8708.597,217.06599999999997,9.75,0.0,0.0,71.78,0.612
7127,Africa,Botswana,3172.0,0.0,16.0,0.0,1348.855,0.0,6.803999999999999,0.0,0.0,2351625.0,25.8,3.9410000000000003,2.242,15807.374,237.372,4.81,5.7,34.4,69.59,0.7170000000000001
7326,Africa,Central African Republic,4825.0,19.0,62.0,0.0,999.0139999999999,3.9339999999999997,12.837,0.0,0.0,4829764.0,18.3,3.655,2.251,661.24,435.727,6.1,0.0,0.0,53.28,0.36700000000000005
7601,North America,Canada,156961.0,1660.0,9291.0,13.0,4158.771,43.983000000000004,246.17,0.344,0.02,37742157.0,41.4,16.984,10.797,44017.59099999999,105.59899999999999,7.37,12.0,16.6,82.43,0.9259999999999999
7876,Europe,Switzerland,52751.0,223.0,1781.0,2.0,6095.1269999999995,25.767,205.78599999999997,0.231,0.0,8654618.0,43.1,18.436,12.644,57410.166,99.73899999999999,5.59,22.6,28.9,83.78,0.9440000000000001
8086,South America,Chile,461300.0,1629.0,12725.0,27.0,24131.354,85.21600000000001,665.665,1.412,0.0,19116209.0,35.4,11.087,6.938,22767.037,127.993,8.46,34.2,41.5,80.18,0.843
8361,Asia,China,90528.0,23.0,4739.0,0.0,62.896,0.016,3.293,0.0,0.0,1439323774.0,38.7,10.640999999999998,5.928999999999999,15308.712,261.899,9.74,1.9,48.4,76.91,0.752
8562,Africa,Cote d'Ivoire,19669.0,28.0,120.0,0.0,745.6510000000001,1.061,4.5489999999999995,0.0,0.0,26378275.0,18.7,2.9330000000000003,1.5819999999999999,3601.006,303.74,2.42,0.0,0.0,57.78,0.49200000000000005
8766,Africa,Cameroon,20838.0,0.0,418.0,0.0,784.9810000000001,0.0,15.745999999999999,0.0,0.0,26545864.0,18.8,3.165,1.919,3364.926,244.66099999999997,7.2,0.0,0.0,59.29,0.556
8968,Africa,Democratic Republic of Congo,10630.0,6.0,271.0,0.0,118.69,0.067,3.0260000000000002,0.0,0.0,89561404.0,17.0,3.02,1.745,808.133,318.949,6.1,0.0,0.0,60.68,0.457
9167,Africa,Congo,5089.0,0.0,89.0,0.0,922.2389999999999,0.0,16.129,0.0,0.0,5518092.0,19.0,3.4019999999999997,2.063,4881.406,344.094,7.2,1.7,52.3,64.57,0.606
9377,South America,Colombia,824042.0,5839.0,25828.0,187.0,16194.876,114.75399999999999,507.597,3.675,0.0,50882884.0,32.2,7.646,4.312,13254.948999999999,124.24,7.44,4.7,13.5,77.29,0.747
9529,Africa,Comoros,479.0,1.0,7.0,0.0,550.831,1.15,8.05,0.0,0.0,869595.0,20.4,2.963,1.726,1413.89,261.51599999999996,11.88,4.4,23.6,64.32,0.503
9723,Africa,Cape Verde,5900.0,83.0,59.0,0.0,10611.74,149.284,106.117,0.0,0.0,555988.0,25.7,4.46,3.437,6222.554,182.21900000000002,2.42,2.1,16.5,72.98,0.654
9930,North America,Costa Rica,74604.0,890.0,880.0,19.0,14645.138,174.71099999999998,172.748,3.73,0.0,5094114.0,33.6,9.468,5.694,15524.995,137.97299999999998,8.78,6.4,17.4,80.28,0.794
10130,North America,Cuba,5531.0,48.0,122.0,0.0,488.319,4.238,10.770999999999999,0.0,0.0,11326616.0,43.1,14.738,9.719,0.0,190.968,8.27,17.1,53.3,78.8,0.777
10327,North America,Curacao,370.0,6.0,1.0,0.0,2254.723,36.563,6.093999999999999,0.0,0.0,164100.0,41.7,16.367,10.068,0.0,0.0,11.62,0.0,0.0,78.88,0.0
10522,North America,Cayman Islands,211.0,0.0,1.0,0.0,3210.59,0.0,15.216,0.0,0.0,65720.0,0.0,0.0,0.0,49903.029,0.0,13.22,0.0,0.0,83.92,0.0
10725,Europe,Cyprus,1713.0,17.0,22.0,0.0,1955.705,19.409000000000002,25.116999999999997,0.0,0.0,875899.0,37.3,13.415999999999999,8.562999999999999,32415.132,141.171,9.24,19.6,52.7,80.98,0.8690000000000001
11000,Europe,Czech Republic,67843.0,1960.0,636.0,18.0,6335.149,183.024,59.388999999999996,1.681,0.0,10708982.0,43.3,19.027,11.58,32605.906000000003,227.485,6.82,30.5,38.3,79.38,0.888
11275,Europe,Germany,289219.0,1798.0,9488.0,17.0,3451.962,21.46,113.244,0.203,0.0,83783945.0,46.6,21.453000000000003,15.957,45229.245,156.139,8.31,28.2,33.1,81.33,0.9359999999999999
11471,Africa,Djibouti,5416.0,6.0,61.0,0.0,5481.77,6.0729999999999995,61.74100000000001,0.0,0.0,988002.0,25.4,4.213,2.38,2705.406,258.03700000000003,6.05,1.7,24.5,67.11,0.47600000000000003
11663,North America,Dominica,24.0,0.0,0.0,0.0,333.375,0.0,0.0,0.0,0.0,71991.0,0.0,0.0,0.0,9673.367,227.37599999999998,11.62,0.0,0.0,75.0,0.715
11938,Europe,Denmark,27464.0,392.0,650.0,1.0,4741.5470000000005,67.67699999999999,112.22,0.17300000000000001,0.0,5792203.0,42.3,19.677,12.325,46682.515,114.76700000000001,6.41,19.3,18.8,80.9,0.929
12213,North America,Dominican Republic,111900.0,234.0,2101.0,3.0,10315.357,21.570999999999998,193.678,0.27699999999999997,0.0,10847904.0,27.6,6.981,4.419,14600.861,266.653,8.2,8.5,19.1,74.08,0.736
12488,Africa,Algeria,51368.0,155.0,1726.0,7.0,1171.42,3.535,39.361,0.16,0.0,43851043.0,29.1,6.211,3.8569999999999998,13913.839,278.36400000000003,6.73,0.7,30.4,76.88,0.754
12763,South America,Ecuador,135749.0,784.0,11312.0,32.0,7694.187,44.437,641.159,1.814,0.0,17643060.0,28.1,7.104,4.458,10581.936000000002,140.44799999999998,5.55,2.0,12.3,77.01,0.752
13038,Africa,Egypt,103079.0,124.0,5914.0,13.0,1007.2760000000001,1.212,57.791000000000004,0.127,0.0,102334403.0,25.3,5.159,2.891,10550.206,525.432,17.31,0.2,50.1,71.99,0.696
13231,Africa,Eritrea,375.0,0.0,0.0,0.0,105.74,0.0,0.0,0.0,0.0,3546427.0,19.3,3.6069999999999998,2.171,1510.4589999999998,311.11,6.05,0.2,11.4,66.32,0.44
13389,Africa,Western Sahara,766.0,0.0,1.0,0.0,1282.373,0.0,1.6740000000000002,0.0,0.0,597330.0,28.4,0.0,1.38,0.0,0.0,0.0,0.0,0.0,70.26,0.0
13663,Europe,Spain,758172.0,9906.0,31614.0,203.0,16215.923999999999,211.87099999999998,676.166,4.342,0.0,46754783.0,45.5,19.436,13.799000000000001,34272.36,99.40299999999999,7.17,27.4,31.4,83.56,0.8909999999999999
13938,Europe,Estonia,3315.0,48.0,64.0,0.0,2498.984,36.184,48.246,0.0,0.0,1326539.0,42.7,19.452,13.491,29481.252,255.56900000000002,4.02,24.5,39.3,78.74,0.871
14140,Africa,Ethiopia,74584.0,640.0,1191.0,14.0,648.762,5.567,10.36,0.122,0.0,114963583.0,19.8,3.5260000000000002,2.063,1729.9270000000001,182.63400000000001,7.47,0.4,8.5,66.6,0.46299999999999997
14415,Europe,Finland,9892.0,158.0,345.0,0.0,1785.328,28.516,62.266000000000005,0.0,0.0,5540718.0,42.8,21.228,13.264000000000001,40585.721,153.507,5.76,18.3,22.6,81.91,0.92
14660,Oceania,Fiji,32.0,0.0,2.0,0.0,35.696999999999996,0.0,2.231,0.0,0.0,896444.0,28.6,6.224,3.284,8702.975,412.82,14.49,10.2,34.8,67.44,0.741
14840,South America,Falkland Islands,13.0,0.0,0.0,0.0,3732.415,0.0,0.0,0.0,0.0,3483.0,0.0,0.0,0.0,0.0,0.0,0.0,0.0,0.0,81.44,0.0
15115,Europe,France,550690.0,8051.0,31893.0,85.0,8436.653,123.34299999999999,488.606,1.3019999999999998,0.0,65273512.0,42.0,19.718,13.079,38605.671,86.06,4.77,30.1,35.6,82.66,0.9009999999999999
15324,Europe,Faeroe Islands,463.0,3.0,0.0,0.0,9475.084,61.394,0.0,0.0,0.0,48865.0,0.0,0.0,0.0,0.0,0.0,0.0,0.0,0.0,80.67,0.0
15525,Africa,Gabon,8752.0,0.0,54.0,0.0,3932.197,0.0,24.261999999999997,0.0,0.0,2225728.0,23.1,4.45,2.9760000000000004,16562.413,259.967,7.2,0.0,0.0,66.47,0.7020000000000001
15800,Europe,United Kingdom,446156.0,7143.0,42072.0,71.0,6572.135,105.221,619.745,1.046,0.0,67886004.0,40.8,18.517,12.527000000000001,39753.244,122.137,4.28,20.0,24.7,81.32,0.922
16075,Asia,Georgia,5866.0,0.0,33.0,0.0,1470.479,0.0,8.272,0.0,0.0,3989175.0,38.7,14.864,10.244000000000002,9745.079,496.218,7.11,5.3,55.5,73.77,0.78
16270,Europe,Guernsey,256.0,0.0,13.0,0.0,3817.9320000000002,0.0,193.87900000000002,0.0,0.0,67052.0,0.0,0.0,0.0,0.0,0.0,0.0,0.0,0.0,0.0,0.0
16471,Africa,Ghana,46482.0,0.0,301.0,0.0,1495.899,0.0,9.687000000000001,0.0,0.0,31072945.0,21.1,3.385,1.9480000000000002,4227.63,298.245,4.97,0.3,7.7,64.07,0.5920000000000001
16666,Europe,Gibraltar,391.0,9.0,0.0,0.0,11605.473,267.134,0.0,0.0,0.0,33691.0,0.0,0.0,0.0,0.0,0.0,0.0,0.0,0.0,79.93,0.0
16866,Africa,Guinea,10634.0,36.0,66.0,0.0,809.7289999999999,2.741,5.026,0.0,0.0,13132792.0,19.0,3.135,1.733,1998.9260000000002,336.717,2.42,0.0,0.0,61.6,0.45899999999999996
17063,Africa,Gambia,3579.0,10.0,112.0,1.0,1480.967,4.138,46.345,0.414,0.0,2416664.0,17.5,2.339,1.4169999999999998,1561.767,331.43,1.91,0.7,31.2,62.05,0.46
17251,Africa,Guinea-Bissau,2324.0,0.0,39.0,0.0,1180.896,0.0,19.817,0.0,0.0,1967998.0,19.4,3.002,1.565,1548.675,382.474,2.42,0.0,0.0,58.32,0.455
17451,Africa,Equatorial Guinea,5030.0,2.0,83.0,0.0,3585.2129999999997,1.426,59.16,0.0,0.0,1402985.0,22.4,2.846,1.7519999999999998,22604.873,202.812,7.78,0.0,0.0,58.74,0.591
17726,Europe,Greece,18123.0,416.0,388.0,5.0,1738.741,39.912,37.225,0.48,0.0,10423056.0,45.3,20.396,14.524000000000001,24574.382,175.695,4.55,35.3,52.0,82.24,0.87
17918,North America,Grenada,24.0,0.0,0.0,0.0,213.297,0.0,0.0,0.0,0.0,112519.0,29.4,7.303999999999999,5.021,13593.877,243.96400000000003,10.71,0.0,0.0,72.4,0.772
18113,North America,Greenland,14.0,0.0,0.0,0.0,246.6,0.0,0.0,0.0,0.0,56772.0,0.0,0.0,0.0,0.0,199.94099999999997,2.16,0.0,0.0,71.7,0.0
18313,North America,Guatemala,90968.0,705.0,3238.0,4.0,5077.595,39.351,180.737,0.223,0.0,17915567.0,22.9,4.694,3.016,7423.808000000001,155.898,10.18,0.0,0.0,74.3,0.65
18509,Oceania,Guam,2443.0,53.0,47.0,1.0,14474.207,314.013,278.464,5.925,0.0,168783.0,31.4,9.551,5.492999999999999,0.0,310.496,21.52,0.0,0.0,80.07,0.0
18709,South America,Guyana,2846.0,59.0,78.0,0.0,3618.292,75.01,99.166,0.0,0.0,786559.0,26.3,5.305,2.8369999999999997,7435.047,373.159,11.62,0.0,0.0,69.91,0.654
18732,Asia,Hong Kong,0.0,0.0,0.0,0.0,0.0,0.0,0.0,0.0,0.0,7496988.0,44.8,16.303,10.158,56054.92,0.0,8.33,0.0,0.0,84.86,0.9329999999999999
18933,North America,Honduras,76098.0,561.0,2323.0,22.0,7683.090999999999,56.64,234.537,2.221,0.0,9904608.0,24.9,4.652,2.883,4541.795,240.208,7.21,2.0,0.0,75.27,0.617
19208,Europe,Croatia,16380.0,135.0,275.0,3.0,3989.995,32.885,66.987,0.731,0.037000000000000005,4105268.0,44.0,19.724,13.052999999999999,22669.797000000002,253.782,5.59,34.3,39.9,78.49,0.831
19403,North America,Haiti,8740.0,0.0,227.0,0.0,766.4960000000001,0.0,19.908,0.0,0.0,11402533.0,24.3,4.8,2.9539999999999997,1653.1729999999998,430.548,6.65,2.9,23.1,64.0,0.498
19614,Europe,Hungary,26461.0,894.0,765.0,8.0,2739.135,92.54299999999999,79.19,0.828,0.086,9660350.0,43.4,18.577,11.975999999999999,26777.561,278.296,7.55,26.8,34.8,76.88,0.838
19889,Asia,Indonesia,282724.0,4002.0,10601.0,128.0,1033.637,14.630999999999998,38.757,0.46799999999999997,0.0,273523621.0,29.3,5.319,3.053,11188.743999999999,342.86400000000003,6.32,2.8,76.1,71.72,0.6940000000000001
20083,Europe,Isle of Man,340.0,0.0,24.0,0.0,3998.495,0.0,282.247,0.0,0.0,85032.0,0.0,0.0,0.0,0.0,0.0,0.0,0.0,0.0,81.4,0.0
20358,Asia,India,6225763.0,80472.0,97497.0,1179.0,4511.407999999999,58.313,70.65,0.8540000000000001,0.0,1380004385.0,28.2,5.989,3.4139999999999997,6426.674,282.28,10.39,1.9,20.6,69.66,0.64
20633,Europe,Ireland,35740.0,362.0,1803.0,1.0,7238.047,73.312,365.14300000000003,0.203,0.0,4937796.0,38.7,13.927999999999999,8.677999999999999,67335.293,126.459,3.28,23.0,25.7,82.3,0.938
20908,Asia,Iran,453637.0,3677.0,25986.0,207.0,5400.894,43.777,309.383,2.464,0.0,83992953.0,32.4,5.44,3.182,19082.62,270.308,9.59,0.8,21.1,76.68,0.7979999999999999
21183,Asia,Iraq,358290.0,4724.0,9122.0,70.0,8907.7,117.447,226.78799999999998,1.74,0.0,40222503.0,20.0,3.1860000000000004,1.9569999999999999,15663.986,218.612,8.83,0.0,0.0,70.6,0.685
21458,Europe,Iceland,2695.0,32.0,10.0,0.0,7897.436,93.773,29.304000000000002,0.0,0.0,341250.0,37.3,14.431,9.207,46482.958,117.992,5.31,14.3,15.2,82.99,0.935
21733,Asia,Israel,236926.0,3661.0,1528.0,21.0,27372.755,422.966,176.53400000000002,2.426,0.0,8655541.0,30.6,11.732999999999999,7.359,33132.32,93.32,6.74,15.4,35.4,82.97,0.903
22008,Europe,Italy,313011.0,1647.0,35875.0,24.0,5177.002,27.24,593.35,0.397,0.0,60461828.0,47.9,23.021,16.24,35220.084,113.15100000000001,4.78,19.8,27.8,83.51,0.88
22210,North America,Jamaica,6382.0,239.0,100.0,7.0,2155.236,80.712,33.771,2.364,0.0,2961161.0,31.4,9.684,6.39,8193.571,206.537,11.28,5.3,28.6,74.47,0.732
22405,Europe,Jersey,409.0,1.0,32.0,0.0,4046.58,9.894,316.603,0.0,0.0,101073.0,0.0,0.0,0.0,0.0,0.0,0.0,0.0,0.0,0.0,0.0
22613,Asia,Jordan,10049.0,823.0,57.0,6.0,984.893,80.661,5.587000000000001,0.588,0.0,10203140.0,23.2,3.81,2.3609999999999998,8337.49,208.257,11.75,0.0,0.0,74.53,0.735
22888,Asia,Japan,83010.0,516.0,1564.0,7.0,656.328,4.08,12.366,0.055,0.0,126476458.0,48.2,27.049,18.493,39002.223,79.37,5.72,11.2,33.7,84.63,0.909
23090,Asia,Kazakhstan,140707.0,374.0,2078.0,28.0,7493.7,19.918,110.669,1.4909999999999999,0.0,18776707.0,30.6,6.9910000000000005,4.625,24055.588,466.792,7.11,7.0,43.1,73.6,0.8
23299,Africa,Kenya,38378.0,210.0,707.0,7.0,713.7260000000001,3.905,13.148,0.13,0.0,53771300.0,20.0,2.6860000000000004,1.528,2993.028,218.637,2.92,1.2,20.4,66.7,0.59
23495,Asia,Kyrgyzstan,46669.0,147.0,1064.0,0.0,7153.224,22.531999999999996,163.085,0.0,0.0,6524191.0,26.3,4.489,2.8819999999999997,3393.474,436.36199999999997,7.11,3.6,50.5,71.45,0.672
23770,Asia,Cambodia,277.0,0.0,0.0,0.0,16.567999999999998,0.0,0.0,0.0,0.0,16718971.0,25.6,4.412,2.385,3645.07,270.892,4.0,2.0,33.7,69.82,0.5820000000000001
23959,North America,Saint Kitts and Nevis,19.0,0.0,0.0,0.0,357.19699999999995,0.0,0.0,0.0,0.0,53192.0,0.0,0.0,0.0,24654.385,0.0,12.84,0.0,0.0,76.23,0.778
24234,Asia,South Korea,23812.0,113.0,413.0,6.0,464.45099999999996,2.204,8.056000000000001,0.11699999999999999,0.009000000000000001,51269183.0,43.4,13.914000000000001,8.622,35938.373999999996,85.99799999999999,6.8,6.2,40.9,83.03,0.903
24509,Asia,Kuwait,104568.0,587.0,607.0,2.0,24485.765,137.453,142.136,0.46799999999999997,0.0,4270563.0,33.7,2.345,1.114,65530.537000000004,132.235,15.84,2.7,37.0,75.49,0.8029999999999999
24699,Asia,Laos,23.0,0.0,0.0,0.0,3.161,0.0,0.0,0.0,0.0,7275556.0,24.4,4.029,2.322,6397.36,368.111,4.0,7.3,51.2,67.92,0.601
24974,Asia,Lebanon,38377.0,1105.0,361.0,10.0,5622.64,161.894,52.89,1.465,0.0,6825442.0,31.1,8.514,5.43,13367.565,266.591,12.71,26.9,40.7,78.93,0.757
25172,Africa,Liberia,1343.0,1.0,82.0,0.0,265.53700000000003,0.198,16.213,0.0,0.0,5057677.0,19.2,3.057,1.756,752.788,272.509,2.42,1.5,18.1,64.1,0.435
25383,Africa,Libya,34014.0,801.0,540.0,13.0,4950.164000000001,116.572,78.58800000000001,1.892,0.0,6871287.0,29.0,4.4239999999999995,2.8160000000000003,17881.509,341.86199999999997,10.43,0.0,0.0,72.91,0.706
25583,North America,Saint Lucia,27.0,0.0,0.0,0.0,147.036,0.0,0.0,0.0,0.0,183629.0,34.9,9.721,6.405,12951.839,204.62,11.62,0.0,0.0,76.2,0.747
25788,Europe,Liechtenstein,120.0,2.0,1.0,0.0,3146.551,52.443000000000005,26.221,0.0,0.0,38137.0,0.0,0.0,0.0,0.0,0.0,7.77,0.0,0.0,82.49,0.9159999999999999
26063,Asia,Sri Lanka,3374.0,11.0,13.0,0.0,157.566,0.514,0.607,0.0,0.0,21413250.0,34.1,10.068999999999999,5.331,11669.077,197.093,10.68,0.3,27.0,76.98,0.77
26202,Africa,Lesotho,1576.0,11.0,35.0,0.0,735.674,5.135,16.338,0.0,0.0,2142252.0,22.2,4.506,2.647,2851.153,405.126,3.94,0.4,53.9,54.33,0.52
26477,Europe,Lithuania,4578.0,88.0,92.0,0.0,1681.672,32.326,33.795,0.0,0.019,2722291.0,43.5,19.002,13.777999999999999,29524.265,342.98900000000003,3.67,21.3,38.0,75.93,0.858
26752,Europe,Luxembourg,8431.0,55.0,124.0,0.0,13468.567,87.863,198.09099999999998,0.0,0.0,625976.0,39.7,14.312000000000001,9.842,94277.965,128.275,4.42,20.9,26.0,82.25,0.904
26967,Europe,Latvia,1729.0,32.0,37.0,1.0,916.6569999999999,16.965,19.616,0.53,0.0,1886202.0,43.9,19.754,14.136,25063.846,350.06,4.91,25.6,51.0,75.29,0.847
27204,Africa,Morocco,121183.0,2076.0,2152.0,39.0,3283.153,56.244,58.303000000000004,1.057,0.0,36910558.0,29.6,6.769,4.209,7485.013000000001,419.14599999999996,7.14,0.8,47.1,76.68,0.667
27479,Europe,Monaco,214.0,2.0,1.0,0.0,5453.063,50.963,25.482,0.0,0.0,39244.0,0.0,0.0,0.0,0.0,0.0,5.46,0.0,0.0,86.75,0.0
27684,Europe,Moldova,52029.0,835.0,1310.0,9.0,12897.739,206.99200000000002,324.743,2.231,0.0,4033963.0,37.6,10.864,6.955,5189.972,408.50199999999995,5.72,5.9,44.6,71.9,0.7
27878,Africa,Madagascar,16377.0,29.0,229.0,0.0,591.419,1.047,8.27,0.0,0.0,27691019.0,19.6,2.929,1.686,1416.44,405.994,3.94,0.0,0.0,67.04,0.519
28083,Asia,Maldives,10194.0,37.0,34.0,0.0,18858.849,68.45,62.9,0.0,0.0,540542.0,30.6,4.12,2.875,15183.616000000002,164.905,9.19,2.1,55.0,78.92,0.7170000000000001
28358,North America,Mexico,738163.0,4446.0,77163.0,560.0,5725.178000000001,34.483000000000004,598.475,4.343,0.0,128932753.0,29.3,6.857,4.321000000000001,17336.468999999997,152.783,13.06,6.9,21.4,75.05,0.774
28633,Europe,Macedonia,17786.0,112.0,737.0,8.0,8537.089,53.75899999999999,353.75199999999995,3.84,0.0,2083380.0,39.1,13.26,8.16,13111.214,322.688,10.08,0.0,0.0,75.8,0.757
28822,Africa,Mali,3090.0,0.0,130.0,0.0,152.586,0.0,6.419,0.0,0.0,20250834.0,16.4,2.519,1.486,2014.306,268.024,2.42,1.6,23.0,59.31,0.42700000000000005
29060,Europe,Malta,3035.0,29.0,34.0,2.0,6873.685,65.679,77.003,4.53,0.0,441539.0,42.4,19.426,11.324000000000002,36513.323,168.71099999999998,8.83,20.9,30.2,82.53,0.878
29253,Asia,Myanmar,12425.0,794.0,284.0,28.0,228.36,14.593,5.22,0.515,0.0,54409794.0,29.1,5.732,3.12,5591.597,202.104,4.61,6.3,35.2,67.13,0.578
29450,Europe,Montenegro,10575.0,134.0,164.0,1.0,16837.51,213.355,261.121,1.5919999999999999,0.0,628062.0,39.1,14.762,9.395,16409.288,387.305,10.08,44.0,47.9,76.88,0.8140000000000001
29651,Asia,Mongolia,313.0,0.0,0.0,0.0,95.477,0.0,0.0,0.0,0.0,3278292.0,28.6,4.031000000000001,2.421,11840.846000000001,460.043,4.82,5.5,46.5,69.87,0.741
29835,Oceania,Northern Mariana Islands,70.0,0.0,2.0,0.0,1216.1860000000001,0.0,34.748000000000005,0.0,0.0,57557.0,0.0,0.0,0.0,0.0,194.99400000000003,0.0,0.0,0.0,76.74,0.0
30027,Africa,Mozambique,8556.0,268.0,59.0,0.0,273.744,8.575,1.8880000000000001,0.0,0.0,31255435.0,17.7,3.158,1.87,1136.103,329.94199999999995,3.3,5.1,29.1,60.85,0.43700000000000006
30227,Africa,Mauritania,7474.0,10.0,161.0,0.0,1607.4289999999999,2.151,34.626,0.0,0.0,4649660.0,20.3,3.138,1.7919999999999998,3597.633,232.347,2.42,0.0,0.0,64.92,0.52
30421,North America,Montserrat,13.0,0.0,1.0,0.0,2600.52,0.0,200.04,0.0,0.0,4999.0,0.0,0.0,0.0,0.0,0.0,0.0,0.0,0.0,74.16,0.0
30616,Africa,Mauritius,381.0,14.0,10.0,0.0,299.58299999999997,11.008,7.8629999999999995,0.0,0.0,1271767.0,37.4,10.945,5.8839999999999995,20292.745,224.644,22.02,3.2,40.7,74.99,0.79
30802,Africa,Malawi,5772.0,2.0,179.0,0.0,301.726,0.105,9.357000000000001,0.0,0.0,19129955.0,18.1,2.9789999999999996,1.7830000000000001,1095.042,227.34900000000002,3.94,4.4,24.7,64.26,0.47700000000000004
31077,Asia,Malaysia,11135.0,101.0,134.0,0.0,344.034,3.1210000000000004,4.14,0.0,0.0,32365998.0,29.9,6.292999999999999,3.407,26808.164,260.942,16.74,1.0,42.4,76.16,0.802
31277,Africa,Namibia,11140.0,19.0,121.0,2.0,4384.246,7.478,47.621,0.787,0.0,2540916.0,22.0,3.552,2.085,9541.808,243.81099999999998,3.94,9.7,34.2,63.71,0.647
31471,Oceania,New Caledonia,27.0,0.0,0.0,0.0,94.574,0.0,0.0,0.0,0.0,285491.0,33.4,9.954,6.489,0.0,0.0,23.36,0.0,0.0,77.55,0.0
31665,Africa,Niger,1196.0,0.0,69.0,0.0,49.408,0.0,2.85,0.0,0.0,24206636.0,15.1,2.553,1.3780000000000001,926.0,238.33900000000003,2.42,0.1,15.4,62.42,0.354
31940,Africa,Nigeria,58647.0,187.0,1111.0,0.0,284.501,0.907,5.39,0.0,0.0,206139587.0,18.1,2.7510000000000003,1.4469999999999998,5338.454000000001,181.013,2.42,0.6,10.8,54.69,0.532
32136,North America,Nicaragua,5086.0,0.0,149.0,0.0,767.75,0.0,22.491999999999997,0.0,0.0,6624554.0,27.3,5.445,3.5189999999999997,5321.444,137.016,11.47,0.0,0.0,74.48,0.6579999999999999
32411,Europe,Netherlands,117420.0,3001.0,6384.0,13.0,6852.691999999999,175.14,372.574,0.759,0.0,17134873.0,43.2,18.779,11.880999999999998,48472.545,109.361,5.29,24.4,27.3,82.28,0.9309999999999999
32686,Europe,Norway,13788.0,90.0,274.0,0.0,2543.3289999999997,16.601,50.542,0.0,0.0,5421242.0,39.7,16.820999999999998,10.812999999999999,64800.057,114.316,5.31,19.6,20.7,82.4,0.953
32961,Asia,Nepal,76258.0,1513.0,491.0,10.0,2617.239,51.927,16.852,0.34299999999999997,0.0,29136808.0,25.0,5.809,3.2119999999999997,2442.804,260.797,7.26,9.5,37.8,70.78,0.574
33236,Oceania,New Zealand,1480.0,1.0,25.0,0.0,306.91200000000003,0.207,5.184,0.0,0.0,4822233.0,37.9,15.322000000000001,9.72,36085.843,128.797,8.08,14.8,17.2,82.29,0.917
33511,Asia,Oman,98585.0,528.0,935.0,11.0,19305.326,103.395,183.09599999999998,2.154,0.0,5106622.0,30.7,2.355,1.53,37960.709,266.342,12.61,0.5,15.6,77.86,0.821
33786,Asia,Pakistan,312263.0,747.0,6479.0,5.0,1413.6429999999998,3.3819999999999997,29.331,0.023,0.019,220892331.0,23.5,4.495,2.78,5034.708,423.031,8.35,2.8,36.7,67.27,0.562
33992,North America,Panama,111853.0,576.0,2364.0,16.0,25923.293999999998,133.495,547.886,3.708,0.0,4314768.0,29.7,7.917999999999999,5.03,22267.037,128.346,8.33,2.4,9.9,78.51,0.789
34208,South America,Peru,811768.0,3054.0,32396.0,72.0,24620.035,92.624,982.535,2.184,0.0,32971846.0,29.1,7.151,4.455,12236.706,85.755,5.95,4.8,0.0,76.74,0.75
34483,Asia,Philippines,309303.0,2015.0,5448.0,67.0,2822.595,18.387999999999998,49.717,0.611,0.0,109581085.0,25.2,4.803,2.661,7599.188,370.43699999999995,7.07,7.8,40.8,71.23,0.6990000000000001
34677,Oceania,Papua New Guinea,534.0,2.0,7.0,0.0,59.685,0.22399999999999998,0.782,0.0,0.0,8947027.0,22.6,3.8080000000000003,2.142,3823.1940000000004,561.494,17.65,23.5,48.8,64.5,0.544
34886,Europe,Poland,89962.0,1326.0,2483.0,36.0,2377.016,35.036,65.607,0.951,0.0,37846605.0,41.8,16.762999999999998,10.202,27216.445,227.331,5.91,23.3,33.1,78.73,0.865
35073,North America,Puerto Rico,48467.0,1045.0,654.0,6.0,16941.528000000002,365.277,228.604,2.097,0.0,2860840.0,38.2,15.168,9.829,35044.67,108.094,12.9,0.0,0.0,80.1,0.0
35287,Europe,Portugal,74717.0,688.0,1963.0,6.0,7327.562,67.473,192.513,0.588,0.0,10196707.0,46.2,21.502,14.924000000000001,27936.896,127.84200000000001,9.85,16.3,30.0,82.05,0.847
35495,South America,Paraguay,40101.0,669.0,841.0,23.0,5622.269,93.796,117.91,3.225,0.0,7132530.0,26.5,6.377999999999999,3.833,8827.01,199.128,8.27,5.0,21.6,74.25,0.7020000000000001
35703,Asia,Palestine,50115.0,420.0,360.0,7.0,9823.743,82.33,70.569,1.3719999999999999,0.0,5101416.0,20.4,3.043,1.726,4449.898,265.91,10.59,0.0,0.0,74.05,0.6859999999999999
35899,Oceania,French Polynesia,1666.0,0.0,7.0,0.0,5930.852,0.0,24.92,0.0,0.0,280904.0,32.7,7.775,4.593,0.0,0.0,22.63,0.0,0.0,77.66,0.0
36174,Asia,Qatar,125533.0,222.0,214.0,0.0,43571.81,77.055,74.278,0.0,0.0,2881060.0,31.9,1.307,0.617,116935.6,176.69,16.52,0.8,26.9,80.23,0.856
36449,Europe,Romania,125414.0,1470.0,4792.0,44.0,6519.185,76.413,249.09400000000002,2.287,0.0,19237682.0,43.0,17.85,11.69,23313.199,370.94599999999997,9.74,22.9,37.1,76.05,0.8109999999999999
36724,Europe,Russia,1167805.0,8232.0,20545.0,160.0,8002.257,56.409,140.782,1.0959999999999999,0.0,145934460.0,39.6,14.177999999999999,9.392999999999999,24765.953999999998,431.29699999999997,6.18,23.4,58.3,72.58,0.816
36924,Africa,Rwanda,4836.0,4.0,29.0,0.0,373.37300000000005,0.309,2.239,0.0,0.0,12952209.0,20.3,2.9739999999999998,1.642,1854.211,191.375,4.28,4.7,21.0,69.02,0.524
37137,Asia,Saudi Arabia,334187.0,539.0,4739.0,27.0,9599.25,15.482000000000001,136.124,0.7759999999999999,0.0,34813867.0,31.9,3.295,1.845,49045.41099999999,259.538,17.72,1.8,25.4,75.13,0.853
37338,Africa,Sudan,13606.0,0.0,836.0,0.0,310.29,0.0,19.065,0.0,0.0,43849269.0,19.7,3.548,2.0340000000000003,4466.5070000000005,431.38800000000003,15.67,0.0,0.0,65.31,0.502
37554,Africa,Senegal,14945.0,26.0,310.0,1.0,892.562,1.5530000000000002,18.514,0.06,0.0,16743930.0,18.7,3.008,1.796,2470.58,241.21900000000002,2.42,0.4,16.6,67.94,0.505
37829,Asia,Singapore,57742.0,27.0,27.0,0.0,9869.849,4.615,4.615,0.0,0.0,5850343.0,42.4,12.922,7.0489999999999995,85535.383,92.243,10.99,5.2,28.3,83.62,0.932
38012,Africa,Sierra Leone,2222.0,7.0,72.0,0.0,278.551,0.878,9.026,0.0,0.0,7976985.0,19.1,2.5380000000000003,1.285,1390.3,325.721,2.42,8.8,41.3,54.7,0.419
38208,North America,El Salvador,28981.0,172.0,843.0,12.0,4468.101,26.518,129.968,1.85,0.0,6486201.0,27.6,8.273,5.417000000000001,7292.4580000000005,167.295,8.87,2.5,18.8,73.32,0.674
38483,Europe,San Marino,746.0,0.0,42.0,0.0,21981.26,0.0,1237.5510000000002,0.0,0.0,33938.0,0.0,0.0,0.0,56861.47,0.0,5.64,0.0,0.0,84.97,0.0
38681,Africa,Somalia,3588.0,0.0,99.0,0.0,225.757,0.0,6.229,0.0,0.0,15893219.0,16.8,2.7310000000000003,1.496,0.0,365.769,6.05,0.0,0.0,57.4,0.0
38899,Europe,Serbia,33479.0,65.0,749.0,1.0,4920.057,9.552,110.073,0.147,0.0,6804596.0,41.2,17.366,0.0,14048.881000000001,439.415,10.08,37.7,40.2,76.0,0.787
39077,Africa,South Sudan,2700.0,8.0,49.0,0.0,241.206,0.715,4.377,0.0,0.0,11193729.0,19.2,3.4410000000000003,2.032,1569.888,280.775,10.43,0.0,0.0,57.85,0.38799999999999996
39252,Africa,Sao Tome and Principe,911.0,0.0,15.0,0.0,4156.7609999999995,0.0,68.443,0.0,0.0,219161.0,18.7,2.886,2.162,3052.7140000000004,270.113,2.42,0.0,0.0,70.39,0.589
39447,South America,Suriname,4863.0,27.0,104.0,2.0,8289.666,46.025,177.283,3.409,0.0,586634.0,29.6,6.933,4.229,13767.118999999999,258.314,12.54,7.4,42.9,71.68,0.72
39654,Europe,Slovakia,9574.0,231.0,45.0,1.0,1753.595,42.31,8.242,0.183,0.076,5459643.0,41.2,15.07,9.167,30155.152000000002,287.959,7.29,23.1,37.7,77.54,0.855
39863,Europe,Slovenia,5487.0,93.0,138.0,2.0,2639.336,44.735,66.38,0.9620000000000001,0.0,2078932.0,44.5,19.062,12.93,31400.84,153.493,7.25,20.1,25.0,81.32,0.8959999999999999
40137,Europe,Sweden,92466.0,296.0,5890.0,0.0,9155.711,29.309,583.21,0.0,0.0,10099270.0,41.0,19.985,13.433,46949.282999999996,133.982,4.79,18.8,18.9,82.8,0.9329999999999999
40337,Africa,Swaziland,5462.0,10.0,108.0,0.0,4707.955,8.619,93.09,0.0,0.0,1160164.0,21.5,3.1630000000000003,1.845,7738.975,333.436,3.94,1.7,16.5,60.19,0.588
40544,North America,Sint Maarten (Dutch part),659.0,14.0,22.0,0.0,15367.753,326.47700000000003,513.036,0.0,0.0,42882.0,0.0,0.0,0.0,36327.232,0.0,0.0,0.0,0.0,78.95,0.0
40744,Africa,Seychelles,143.0,0.0,0.0,0.0,1454.139,0.0,0.0,0.0,0.0,98340.0,36.2,8.606,5.586,26382.287,242.648,10.55,7.1,35.7,73.4,0.797
40936,Asia,Syria,4148.0,46.0,197.0,3.0,237.02,2.628,11.257,0.171,0.0,17500657.0,21.7,0.0,2.577,0.0,376.264,0.0,0.0,0.0,72.7,0.536
41126,North America,Turks and Caicos Islands,686.0,4.0,6.0,1.0,17717.857,103.311,154.967,25.828000000000003,0.0,38718.0,0.0,0.0,0.0,0.0,0.0,0.0,0.0,0.0,80.22,0.0
41321,Africa,Chad,1193.0,8.0,85.0,0.0,72.62899999999999,0.48700000000000004,5.175,0.0,0.0,16425859.0,16.7,2.4859999999999998,1.446,1768.1529999999998,280.995,6.1,0.0,0.0,54.24,0.40399999999999997
41532,Africa,Togo,1759.0,10.0,48.0,1.0,212.472,1.208,5.797999999999999,0.121,0.0,8278737.0,19.4,2.839,1.525,1429.8129999999999,280.033,6.15,0.9,14.2,61.04,0.503
41807,Asia,Thailand,3564.0,5.0,59.0,0.0,51.06,0.07200000000000001,0.845,0.0,0.0,69799978.0,40.1,11.373,6.89,16277.671,109.861,7.04,1.9,38.8,77.15,0.755
41960,Asia,Tajikistan,9726.0,41.0,75.0,0.0,1019.7489999999999,4.2989999999999995,7.864,0.0,0.0,9537642.0,23.3,3.466,2.155,2896.913,427.69800000000004,7.11,0.0,0.0,71.1,0.65
42153,Asia,Timor,28.0,0.0,0.0,0.0,21.237,0.0,0.0,0.0,0.0,1318442.0,18.0,3.556,1.8969999999999998,6570.102,335.346,6.86,6.3,78.1,69.5,0.625
42355,North America,Trinidad and Tobago,4463.0,77.0,74.0,2.0,3189.0170000000003,55.02,52.876000000000005,1.429,0.0,1399491.0,36.2,10.014,5.819,28763.071,228.467,10.97,0.0,0.0,73.51,0.784
42562,Africa,Tunisia,17405.0,1291.0,246.0,32.0,1472.6760000000002,109.234,20.815,2.708,0.0,11818618.0,32.7,8.001,5.075,10849.296999999999,318.991,8.52,1.1,65.8,76.7,0.735
42763,Asia,Turkey,317272.0,1427.0,8130.0,68.0,3761.863,16.92,96.397,0.8059999999999999,0.0,84339067.0,31.6,8.152999999999999,5.061,25129.341,171.285,12.13,14.1,41.1,77.69,0.7909999999999999
43038,Asia,Taiwan,514.0,1.0,7.0,0.0,21.581,0.042,0.294,0.0,0.0,23816775.0,42.2,0.0,8.353,0.0,103.95700000000001,0.0,0.0,0.0,80.46,0.0
43236,Africa,Tanzania,509.0,0.0,21.0,0.0,8.521,0.0,0.35200000000000004,0.0,0.0,59734213.0,17.7,3.108,1.874,2683.304,217.28799999999998,5.75,3.3,26.7,65.46,0.5379999999999999
43429,Africa,Uganda,8017.0,240.0,75.0,0.0,175.269,5.247000000000001,1.64,0.0,0.0,45741000.0,16.4,2.168,1.308,1697.707,213.333,2.5,3.4,16.7,63.37,0.516
43635,Europe,Ukraine,204932.0,3627.0,4065.0,69.0,4685.9,82.934,92.949,1.578,0.135,43733759.0,41.4,16.462,11.133,7894.393,539.849,7.11,13.5,47.4,72.06,0.7509999999999999
43835,South America,Uruguay,2033.0,23.0,48.0,1.0,585.25,6.621,13.818,0.28800000000000003,0.0,3473727.0,35.6,14.655,10.360999999999999,20551.409,160.708,6.93,14.0,19.9,77.91,0.804
44110,North America,United States,7191061.0,43017.0,205998.0,928.0,21725.086,129.96,622.345,2.804,0.0,331002647.0,38.3,15.413,9.732000000000001,54225.445999999996,151.089,10.79,19.1,24.6,78.86,0.924
44309,Asia,Uzbekistan,56519.0,451.0,468.0,5.0,1688.6870000000001,13.475,13.982999999999999,0.149,0.0,33469199.0,28.2,4.468999999999999,2.873,6253.104,724.4169999999999,7.57,1.3,24.7,71.72,0.71
44512,Europe,Vatican,12.0,0.0,0.0,0.0,14833.127,0.0,0.0,0.0,0.0,809.0,0.0,0.0,0.0,0.0,0.0,0.0,0.0,0.0,75.12,0.0
44709,North America,Saint Vincent and the Grenadines,64.0,0.0,0.0,0.0,576.852,0.0,0.0,0.0,0.0,110947.0,31.8,7.724,4.832,10727.146,252.675,11.62,0.0,0.0,72.53,0.723
44909,South America,Venezuela,74363.0,835.0,621.0,7.0,2615.106,29.364,21.839000000000002,0.24600000000000002,0.0,28435943.0,29.0,6.614,3.915,16745.022,204.85,6.47,0.0,0.0,72.06,0.7609999999999999
45097,North America,British Virgin Islands,71.0,0.0,1.0,0.0,2348.117,0.0,33.071999999999996,0.0,0.0,30237.0,0.0,0.0,0.0,0.0,0.0,13.67,0.0,0.0,79.07,0.0
45288,North America,United States Virgin Islands,1318.0,0.0,20.0,0.0,12621.74,0.0,191.52900000000002,0.0,0.0,104423.0,42.2,18.601,10.799000000000001,0.0,273.67,12.26,0.0,0.0,80.58,0.0
45563,Asia,Vietnam,1094.0,17.0,35.0,0.0,11.239,0.175,0.36,0.0,0.0,97338583.0,32.6,7.15,4.718,6171.884,245.465,6.0,1.0,45.9,75.4,0.6940000000000001
45764,Europe,Kosovo,15574.0,54.0,625.0,0.0,8057.848000000001,27.939,323.369,0.0,0.0,1932774.0,0.0,0.0,0.0,9795.834,0.0,0.0,0.0,0.0,0.0,0.0
45938,Asia,Yemen,2035.0,0.0,588.0,0.0,68.229,0.0,19.714000000000002,0.0,0.0,29825968.0,20.3,2.9219999999999997,1.5830000000000002,1479.1470000000002,495.00300000000004,5.35,7.6,29.2,66.12,0.452
46175,Africa,South Africa,672572.0,903.0,16667.0,81.0,11340.193000000001,15.225,281.02099999999996,1.3659999999999999,0.0,59308690.0,27.3,5.343999999999999,3.053,12294.876,200.38,5.52,8.1,33.2,64.13,0.6990000000000001
46371,Africa,Zambia,14715.0,55.0,332.0,0.0,800.426,2.992,18.059,0.0,0.0,18383956.0,17.7,2.48,1.5419999999999998,3689.2509999999997,234.49900000000002,3.94,3.1,24.7,63.89,0.588
46565,Africa,Zimbabwe,7837.0,21.0,228.0,0.0,527.285,1.413,15.34,0.0,0.0,14862927.0,19.6,2.822,1.882,1899.775,307.846,1.82,1.6,30.7,61.49,0.535
46840,0,World,33714595.0,277930.0,1008932.0,6027.0,4325.268,35.656,129.437,0.773,0.0,7794798729.0,30.9,8.696,5.355,15469.207,233.07,8.51,6.434,34.635,72.58,0.0
47115,0,International,696.0,0.0,7.0,0.0,0.0,0.0,0.0,0.0,0.0,0.0,0.0,0.0,0.0,0.0,0.0,0.0,0.0,0.0,0.0,0.0
